Ragam  , Song  ,Movie Name  ,
Aarabhi  , | S R2 M1 P D2 S | S N3 D2 P M1 G3 R2 S  ,  ,
Aarabhi  , Aasai Kiliye  , Thambikku Entha Ooru  ,
Aarabhi  , Madhurai Vaazhum  , Pudhupatti Ponnuthayee  ,
Aarabhi  , Mannavane Mannavane , Thandhuvitten Ennai ,
Aarabhi  , Sandhakavigal Paadidum Manathinil  , Metti  ,
Abheri  , | S G2 M1 P N2 S | S N2 D2 P M1 G2 R2 S  ,  ,
Abheri  , Chinnanjiru Vayathil  , Meendum Kokila (Uses Ni3) ,
Abheri  , En Paatu En Paatu , Poomani ,
Abheri  , Ennai Thottu Alli Konda , Unna Ninaichen Paatu Padichen ,
Abheri  , Guruvaayoorappa  , Pudhu Pudhu Arthangal (magical prelude & interludes) ,
Abheri  , Kaalidasan Kannadasan , Soorakottai Singakkutti ,
Abheri  , Kaiyetha , Vinodhayathra (Malayalam) ,
Abheri  , Kuyile Kavikuyile  , Kavikuyil  ,
Abheri  , Megam Karukkudhu  , Anandha Ragam  ,
Abheri  , Muthamizhae Muthamizhae , Raman Abdulla ,
Abheri  , Padhmanabha , Manjeera Dhwani (Thillana) (Malayalam) ,
Abheri  , Poongaaviyam Pesum Oviyam , Karpoora Mullai  ,
Abheri  , Poonguyil Rendum Onnoda Onna , Veetula Visheshanga  ,
Abheri  , Poove Poochoodava  , Poove Poochoodava  ,
Abheri  , Sindhu Nadhi Karai Oram , Nalladhoru Kudumbam    ,
Abheri  , Un Manasula Paatu Thaan , Paandi Naatu Thangam ,
Abheri  , Varna Vrindaavanum , Kaliyoonjal (Malayalam) ,
Abheri  , Velli Kolusu Mani  , Pongi Varum Kaaveri  ,
Abhoghi  , | S R2 G2 M1 D2 S | S D2 M1 G2 R2 S  , (Knock out Ni2 from Sriranjani !) ,
Abhoghi  , Indraikku Yenindha Aanandhame  , Vaidhehi Kaathirundhaal  ,
Abhoghi  , Kalai Nera Poonguyil  , Amman Kovil Kizhakaale  ,
Ahirbhairavi  , | S R1 G3 M1 P G3 M1 D2 N2 S | S N2 D2 P M1 G3 R1 S 'N2 R1 S  , (Hindustani Counterpart of Chakravagam) ,
Ahirbhairavi  , Ezhumalaiyan Magimai  , Ezhumalaiyan Magimai ,
Amruthavarshini  , | S G3 M2 P N3 S | S N3 P M2 G3 S ," (Theoritically, the raga can cause rainfall !) ",
Amruthavarshini  , Ippodhenna Thevai , Makkal Aatchi ,
Amruthavarshini  , Kathirundha Malli Malli  , Mallu Vaetti Minor (Charanam Uses Ri1)  ,
Amruthavarshini  , Kurisenu Virijallule , Gharshana (Telugu) ,
Amruthavarshini  , Mazhaikoru Dhevane  , Sri Ragavendra  ,
Amruthavarshini  , Thoongatha Vizhigal  , Agni Nakshatiram  ,
Amruthavarshini  , Vanin Devi Varuga  , Oruvar Vaazhum Aalayam ,
Anandha Bhairavi  , | SG2R2G2M1PD2PN2S | S N2 D2 P M1 G2 R2 S  ," (Theoritically,the raga relieves stress !) ",
Anandha Bhairavi  , Kala Maadu Onnu (the Nassar + Oorvasi charanam) , Magalir Mattum   ,
Anandha Bhairavi  , Chittu Pole Muthu Pole  , Iniya Uravu Poothadhu  ,
Anandha Bhairavi  , Paraparame , Ramana Geetham ,
Anandha Bhairavi  , Parthalae Theriyadho  , Sri Ragavendra  ,
Anandha Bhairavi  , Thevai Indha Paavai  , Andha Oru Nimidam (wizardy style shift in the charanams !) ,
Andholika  , | S R2 M1 P N2 S | S N2 D2 M1 R2 S  ,  ,
Andholika  , Raman Aandaalum (The Folk Interludes of the Song)  , Mullum Malarum  ,
Ataana  , | S R2 M1 P N3 S | S N3 D2 P M1 G3 R2 S  ,  ,
Ataana , Baalakanakamaya  , Salangai Oli (its saint thyagaraja's krithi) ,
Bahudhari  , | S G3 M1 P D2 N2 S | S N2 P M1 G3 S  ,  ,
Bahudhari  , Brova Barama  , Kavari Maan ,
Bahudhari  , One and Two Cha Cha Cha , Nalladhoru Kudumbam    ,
Behag ,  ,  ,
Behag , Hey Hey Oorayiram , Meendum Kokila  ,
Behag , Un Paarvayil Orayiram , Amman Kovil Kizhakale  ,
Bhageshri  , | S G2 M1 D2 N2 S | S N2 D2 M1 P D2 G2 M1 R2 S  ,  ,
Bhageshri  , Aamani Paadave , Geethanjali (Telugu) ,
Bhageshri  , Eduthu Naan Vidava En Paatai  , Pudhu Pudhu Arthangal  ,
Bhageshri  , Ingeyum Engeyum  , Sathya (By Legendary singer Lata Mangeshkar) ,
Bhageshri  , Kaala Kaala Sangamamo  , Ezhumalaiyan Magimai  ,
Bhageshri  , Kaaviyam Paadava  , Idhayathai Thirudaathe  ,
Bhageshri  , Mazhai Varudhu Mazhai Varudhu  , Raja Kaiyya Vacha (soft stunner in aggressive kanta nadai) ,
Bhageshri  , Melatha Mella Thattu , Aruvadai Naal ,
Bhageshri  , Roja Thottam , Alai Osai ,
Bhageshri  , Rokkam Irukkira Makkal Manasula  , Kaasi     ,
Bhageshri  , Singalathu Chinnakuyile  , Punnagai Mannan (especially the charanams) ,
Bhageshri  , Thaen Mozhi Endhan Thaen Mozhi , Solla Thudikkudhu Manasu ,
Bhageshri  , Unnaiyum Ennaiyum Katti Izhukudhadi , Aalappirandhavan ,
Bhargavi  , S G2 M1 P D1 N3 S  I  S N3 D1 P M1 G2 S , (Keeravani Sans Ri2 !) ,
Bhargavi  , Hey Raasathi Rosapoo  , En Uyir Thozhan ,
Bhavapriya  , | S R1 G2 M2 P D1 N2 S | S N2 D1 P M2 G2 R1 S  , (the raga creates gloomy effect !) ,
Bhavapriya , Anuraaga Yenaithu , Nee Nana Gellalaare (Kannada) ,
Bhavapriya  , Kandupudichen Kandupudichen  , Guru Sishyan  ,
Bhimpalasi , | N2 S G2 M1 P N2 S | S N2 D2 P M1 G2 R2 S  , (Hindustani counterpart of Abheri) ,
Bhimpalasi , Vasantha Kala Kolangal , Thyagam (eternal song) ,
Bilahari  , | S R2 G3 P D2 S | S N3 D2 P M1 G3 R2 S  , (raga evokes majestic feel !) ,
Bilahari , Ennodu Potti Ittu Jeyichavan Yaarumillae , Thalaattu ,
Bilahari , Neethone Paadenu Sangeetham , Rudraveena (Telugu) ,
Bilahari  , Koondalile Megam Vandhu  , Balanagamma  ,
Bilahari  , Maaman Veedu  , Ellam Inba Mayam  ,
Bilahari  , Nee Onru Thaana Sangeethama  , Unnal Mudiyum Thambi  ,
Brindhavana Saranga  , | S R2 M1 P N3 S | S N2 P M1 G2 R2 S  ,  ,
Brindhavana Saranga , Aakaashamulo , Swarna Kamalam (Telugu) ,
Brindhavana Saranga , Chinnanjiru  , Amudha Ganam ,
Brindhavana Saranga , Devi Durga Devi , Sankeerthana (Telugu) ,
Brindhavana Saranga  , Dheivangal Kan Paarthadhu , Pudhiya Ragam  ,
Brindhavana Saranga  , Indha Jilla Muzhuka Nalla Theriyum  , Priyanka  ,
Brindhavana Saranga  , Kallukkulle Vandha Eeram Enna  , Unakaagave Vazhgiraen  ,
Brindhavana Saranga  , Konjum Kuyil Paattu  , Kanna Unai Thedugiren  ,
Brindhavana Saranga  , Kovil Mani Kaetene  , Kanna Unai Thedugiren  ,
Brindhavana Saranga  , Maalaigal Idam Maarudhu Maarudhu , December Pookal ,
Brindhavana Saranga  , Manadhil Ore Oru Poo  , En Purushan Thaan Enakku Mattum Thaan  ,
Brindhavana Saranga  , Medhuva Thandhi Adichaane , Thaalaatu (trace mix of madhyamavathi) ,
Brindhavana Saranga  , Muthamma Muthu Muthu , Thanthuvitten Ennai ,
Brindhavana Saranga  , Oru Pokkiri Rathiri , Idhu Namma Bhoomi  ,
Brindhavana Saranga  , Poongatre Theendaadhe , Kunkumachimizh   ,
Chakravagam  , | S R1 G3 M1 P D2 N2 S | S N2 D2 P M1 G3 R1 S  , (its hindustani counterpart is Ahirbhairavi !) ,
Chakravagam  , Aapa Kada Anna Kili , Paayum Puli ,
Chakravagam  , Alli Sundaravalli , Kangalin Vaarthaigal  ( jeez!!! what a gem) ,
Chakravagam  , Chalakku Chalakku  , Chembaruthi  ,
Chakravagam , Keliside Prema Velaa , Gulabi (Kannada) ,
Chakravagam , Kothara Pithaara Kokko , Detective Naarada (Telugu) ,
Chakravagam  , Halli Laavaniyali  , Nammura Mandaara Hoove (Kannada) ,
Chakravagam  , Iniya Malargal Malarum  , Poonthottam ,
Chakravagam  , Love Love , Sakkarai Thevan ,
Chakravagam  , Marandhen Pirandhen , ilaiyarajavin Geethanjali (a hypnotic tune) ,
Chakravagam  , Nee Paadhi Naan Paadhi  , Keladi Kanmani (that stunning 20 seconds prelude ) ,
Chakravagam  , Poongaatre  , Friends  ,
Chakravagam  , Vanilae Thenila  , Kaakhi Sattai ,
Chakravagam  , Vanithamani Vanamogini  , Vikram (staggering strings work!!) ,
Chalanaatai  , | S R3 G3 M1 P D3 N3 S | S N3 D3 P M1 G3 R3 S  , (subhapanthuvarali's grahabedham counterpart !) ,
Chalanaatai   , Aala Asathum Malli  , Kanni Raasi  ,
Chalanaatai  , Chukkalu Temenna , April 1st Vidudhala (Telugu) ,
Chalanaatai  , Hello Kiss Me Wrong Number , Siva (Telugu) ,
Chalanaatai   , Jivvu Jivvunnu Yerudhadi , Enga Ooru Kavalkaaran  ,
Chalanaatai  , Panivizhum Malar Vanam  , Ninaivellam Nithya  ,
Chalanaatai  , Pattu Poo Poo  , Veera  ,
Chalanaatai  , The second track of the album  , How to Name It ,
Chandrajyothi  , | S R1 G1 M2 P D2 S | S D2 P M2 G1 R1 S  ,  ,
Chandrajyothi  , Nanmai Nalgum  , Ezhumalaiyan Magimai  ,
Chandrakouns  , | S G2 M1 D1 N3 S | S N3 D1 M1 G2 S  ,  ,
Chandrakouns  , Azhagu Malaraada  , Vaidehi Kaathirundhaal (Mixes Hindolam / kanta nadai) ,
Chandrakouns  , Idhunaal  , Chembaruthi  ,
Chandrakouns  , Idhuvarai Naan Oru , Konji Pesalam ,
Chandrakouns  , Pada Vandhadhor , Ilamai Kalangal (Uses Ga3 and Ni2) ,
Chandrakouns  , Unnai Nenachi Urugum  , Rasayya  ,
Chandrakouns  , Vanam Enum , Villupaatukkaaran  ,
Chandrakouns  , Velli Chalangaigal  , Kadal Oviyum  ,
Charukesi  , | S R2 G3 M1 P D1 N2 S | S N2 D1 P M1 G3 R2 S  ,  ,
Charukesi  , Aadal Kalayae  , Sri Raghavendra  ,
Charukesi  , Amma Aagaayam Vittu  , The Real Salute (documentary film) ,
Charukesi  , Amma Nee Sumandha  , Annaiyor Aalayam  ,
Charukesi  , Annanukku Je Je , Annanukku Je ,
Charukesi  , Arumbagi Mottaagi  , Enga Ooru Kavalkaaran  ,
Charukesi  , Chinna Mani Ponnu Mani , Mallu Vetti Minor  ,
Charukesi  , Chinna Ponnu Chinna Ponnu  , Aruvadai Naal ,
Charukesi  , Chinnanjiru Kiliye  , Mundhaanai Mudichu  ,
Charukesi  , Kadhalin Deepam Ondru  , Thambikku Entha Ooru  ,
Charukesi  , Manamaalayum Manjalum  , Vathiyaar Veetu Pillai (what a song !) ,
Charukesi  , Mayanginen Solla Thayanginen  , Naane Raja Naane Manthiri  ,
Charukesi  , Naadu Paarthadhunda , Kamaraj ,
Charukesi  , Nallathor Veenai Seithe  , Marubadiyum  ,
Charukesi  , Nandhavanam , illam  ,
Charukesi  , Petha Manasu  , Enna Petha Rasa (taking carnatic music to the masses) ,
Charukesi  , Prathidinam , Anumaanaspadam (Telugu) ,
Charukesi  , Sakkara Katti Sakkara Katti  , Ullae Veliye  ,
Charukesi  , Siriya Paravai  , Andha Oru Nimidam  ,
Charukesi  , Thoodhu Selvadharadi  , Singaravelan  ,
Charukesi  , Uyire Uyirin Oliye  , En Bommukkutti Ammavukku  ,
Charukesi  , Vaanathila Velli Ratham , Enga Ooru Maapilla ,
Chitrambhari  , | S R2 G3 M2 P D3 N3 S | S N3 D3 P M2 G3 R2 S ,  ,
Chitrambhari  , Sangeetham En Dhegam  , Balanagamma  ,
Desh  , | S R2 M1 P N3 S | S N2 D2 P M1 G3 R2 G3 'N3 S  ,  ,
Desh  , Ennai Kavarnthizhutha Ramanan , Guru Ramana Geetham ,
Desh  , Gopiyargal Engu Undo  , Mallu Vetti Minor  ,
Desh  , Kanneer Thuli  , Raja Kaiyya Vacha (meditative music this !!) ,
Desh  , Poonguyil Ponmalaiyil , Thazhuvaadha Kaigal  ,
Desh  , Unakena Thaanae Innerama , Ponnu Oorukku Pudhusu  ,
Desh  , Vizhiyil Pudhu Kavidhai Padithen Ho  , Theerthakaraiyinile ,
Dhanyasi , | S G2 M1 P N2 S | S N2 D1 P M1 G2 R1 S  ,  ,
Dhanyasi , Sangeetha Gnanamu Bhakthi Vina , Moga Mull  ,
Dharbar , | S R2 M1 P D2 N2 S | R2 S N2 S D2 P M1 R2 G2 G2 R2 S  ,  ,
Dharbar , Yochana Kamala Lochana , Sindhu Bhairavi  ,
Dharbari Kaanada  , S R2 G2 M1 P D1 N2 S  I  S D1 N2 P M1 P G2 M1 R2 S ,  ,
Dharbari Kaanada  , Aagaya Vennilave  , Arengetra Velai (Mixes Kanada in Charanams) ,
Dharbari Kaanada  , Isai Medayil  , Ilamai Kalangal  ,
Dharbari Kaanada  , Kalyana Thenila  , Mounam Sammadham (oh what a sweet sweet song) ,
Dharbari Kaanada  , Mannava Mannava  , Walter Vetrivel    ,
Dharbari Kaanada  , Vidhaitha Vidhai , Ethanai Konam Ethanai Parvai  ,
Dharmavathi  , | S R2 G2 M2 P D2 N3 S | S N3 D2 P M2 G2 R2 S  ,  ,
Dharmavathi  , Anbe Vaani  , Sooryan (Malayalam) ,
Dharmavathi  , Yem Debba Theesyaavuraa , Ashwamedham (Telugu) ,
Dharmavathi  , Ennulle Yetho Yengum Geetham  , Rosappu Ravikkakaari ,
Dharmavathi  , ilam Solai Poothadhal  , Unakaagavae Vazhgiren (total music…PERIOD) ,
Dharmavathi  , Meendum Meendum  , Vikram  ,
Dharmavathi  , Natarajan Kudi Konda  , Salangayil Oru Sangeetham  ,
Dharmavathi , Shaaradenthu Paadi , Kaliyoonjal (Malayalam) ,
Dharmavathi  , Vaanaville Vaanaville  , Ramana  ,
Dharmavathi  , Vaazhvae Maayama  , Gayathri    ,
Dhenuka  , | S R1 G2 M1 P D1 N3 S | S N3 D1 P M1 G2 R1 S  ,  ,
Dhenuka  , En Soga Kathaiya Kelu  , Thooral Ninu Pochu  ,
Dhenuka  , Kadhal Raagamum  , Indiran Chandhiran                                                ,
Dhenuka  , Malliyapoo Katilile , Enna Petha Rasa ,
Dhenuka  , Rathiri Neram Rayiladi Oram , Brahma ,
Dhenuka  , Roja Poonthottam  , Kanukkul Nilavu  ,
Dhenuka  , Udhaya Geedham Paaduven , Udhaya Geetham (Uses Ri2 / Ni2) ,
Durga , | S R2 M1 P D2 S | S D2 M1 P D2 M1 R2 'D2 'S ,(Differs from Sudhasaveri in Avarohanam) ,
Durga , Innarul Tharum Annapurani  , Aathma                                    ,
Durga , Kovil Mani Osai  , Kizhakae Pogum Rail  ,
Durga , Radha Radha  , Meendum Kokila  ,
Durga , Sugam Sugame  , Naan Potta Saval ,
Gamanasrama  , | S R1 G3 M2 P D2 N3 S | S N3 D2 P M2 G3 R1 S  ,  ,
Gamanasrama  ," Hey, Oru Pooncholai  ", Vaathiyar Veetu Pillai  ,
Gambheera Naatai  , | S G3 M1 P N3 S | S N3 P M1 G3 S  , (the raga for war - called yudhdha ragam!) ,
Gambheera Naatai  , Innum Ennai Enna  , Singaravelan  ,
Gambheera Naatai  , Thangathingal , Manasinakkare (Malayalam) ,
Ganamurthi  , | S R1 G1 M1 P D1 N3 S | S N3 D1 P M1 G1 R1 S  ,  ,
Ganamurthi  , Vetrikalin Muthar Porule  , Ilaiyaraajavin Geethanjali ,
Gowlai  , | S R1 M1 P N3 S | S N3 P M1 R1 G3 M1 R1 S  ,  ,
Gowlai  , Vedham Nee Iniya Naadham Nee  , Koyil Pura  ,
Gowrimanohari  , | S R2 G2 M1 P D2 N3 S | S N3 D2 P M1 G2 R2 S  ,  ,
Gowrimanohari  , Adhi Kaalai Nilave Alangara Silaiye , Urudhi Mozhi  ,
Gowrimanohari  , Anbe Vaa Arugile  , Kili Petchu Ketkava  ,
Gowrimanohari  , Dhoorathil Naan Kanda  , Nizhalgal  ,
Gowrimanohari  , Ellarume Thirudanga dhaan , Naan Sigappu Manithan  ,
Gowrimanohari  , Endhan Vaazhkayin Artham , Chinna Kannamma ,
Gowrimanohari  , Kannan Naalum  , Ilamaikolam  ,
Gowrimanohari  , Kodi Katti Parakkira Raaja , Aalappirandhavan ,
Gowrimanohari  , Maanguyilae Poonguyilae  , Karagatakaran (touches ga3) ,
Gowrimanohari  , Mottu Vitta Mulla Kodi  , Indru Nee Naalai Naan  ,
Gowrimanohari  , Muthamizh Kaviye  , Dharmathin Thalaivan  ,
Gowrimanohari  , Pallaaku Kudhiraiyila , Periya Veetu Pannakaran  ,
Gowrimanohari  , Poobalam Isaikkum  , Thooral Ninnu Pochu  ,
Gowrimanohari  , Semeenae Semeenae  , Sevvandhi ,
Gowrimanohari  , Solai Poovil Malai Thendral  , Vellai Roja  ,
Gowrimanohari  , Thazhampoove Kannurangu  , Indru Nee Naalai Naan  ,
Gowrimanohari  , Thendralai Kandukolla  , Nilave Mugam Kaatu     ,
Gowrimanohari  , Thillumullu Ulagatha Naan Saataiyaala Adikka   , Aandan Adimai  ,
Gowrimanohari  , Vaaraayo Vaanmathi , Pagal Nilavu ,
Gowrimanohari  , Vaazhkaiyilae Kashtapattu  , Vaathiyar Veetu Pillai  ,
Gowrimanohari  , Vedala Pulla  , Periya Marudhu ,
Gowrimanohari  , Vennelo Godhaari Andham , Sitara (Telugu) ,
Gowrimanohari  , Vilakethu Vilakethu Vellikilamai  , Paer Sollum Pillai ,
Gowrimanohari  , Ye Ayyasaami  , Varusham 16 (Charanam mixes Dharmavathi) ,
Gowrimanohari  , Pon Vaanam Panneer Thoovum  , Indru Nee Naalai Naan (Patdheep touches?) ,
Gowrimanohari  , Sola Kiligal Rendu , Kovil Kaalai (Patdheep touches?) ,
Hameer Kalyani  , | S P M2 P D2 N3 S | SN3D2PM2M1G3PM1R2S  ,  ,
Hameer Kalyani  , Kaalai Paniyil , Gayathri    ,
Hameer Kalyani  , Kadhal Oviyam Kanden Kanavo Ninaivo , Kavikuyil (Masterpiece !!) ,
Hameer Kalyani  , Kai Veenaiyai Yendhum Kalaivaaniye , Vietnam Colony (Another gem in the raga).  ,
Hameer Kalyani  , Paataale Buthi Sonnar Pataale Bakthi Sonnar , Karagatakaran  ,
Hamsadhwani  , | S R2 G3 P N3 S | S N3 P G3 R2 S  , (the raga that sounds truly light music !) ,
Hamsadhwani  , Aanandha Vellam Neeyandro  , Ilaiyaraajavin Geethanjali ,
Hamsadhwani  , Ee Naade Ido , Prema (Telugu) ,
Hamsadhwani  , Enna Paatu Vendum Unakku , Oru Naal Oru Kanavu ,
Hamsadhwani  , Iru Vizhiyin Vazhiye  , Siva (awesome free flowing tune) ,
Hamsadhwani  , Kalam Maaralam  , Vaazhkai (Mixes D1 in charanams !!) ,
Hamsadhwani  , Malargale Nadhaswarangal  , Kizhakke Pogum Rayil  ,
Hamsadhwani  , Mayile Mayile  , Kadavul Amaitha Medai  ,
Hamsadhwani  , Nilavu Vandhadhu Nilavu Vandhadhu  , Endrum Anbudan (just touches M2/D1) ,
Hamsadhwani  , Poo Mudithu  , En Purushan Thaan Enakku Mattum Thaan  ,
Hamsadhwani  , Sevvaaname Ponmegame  , Nalladhoru Kudumbam    ,
Hamsadhwani  , Sri Ranga Ranga Nadhanin , Mahanadhi (Pallavi touches D2) ,
Hamsadhwani  , Tharali Raadha , Rudraveena (Telugu) ,
Hamsadhwani  , Ther Kondu Sendravan  , Enakkul Oruvan  ,
Hamsadhwani  , Va Va Va Kanna Va , Velaikaaran ,
Hamsadhwani  , Vaalittezhuthiya  , Onnanu Nammal  (Malayalam) ,
Hamsadhwani  , Vellai Thaamarai  , Kaatrukkenna Veli ,
Hamsanadham  , | S R2 M2 P N3 S | S N3 P M2 R2 S  ,  ,
Hamsanadham  , Jaga Vandana  , Kaliyoonjal (Malayalam) ,
Hamsanadham  , Minnaram Manathu , Guru (Malayalam) (a stunner in this raga) ,
Hamsanadham  , Om Namaha , Geethanjali (Telugu) ,
Hamsanadham  , Om Namaha  , Idhayathai Thirudathe  ,
Hamsanandhi  , | S R1 G3 M2 D2 N3 S | S N3 D2 M2 G3 R1 S  ,  ,
Hamsanandhi , Beeso Mungaare , Gulabi (Kannada) [sheer magic of IR teaming up with SPB] ,
Hamsanandhi , Edo Mouna Raagam , Ninnu Choodaka Nenundalenu (Telugu) ,
Hamsanandhi  , Gaana Kuyile Kannurakkam Ponathadi  , Pooncholai  ,
Hamsanandhi , Gaanam Aadi Porunne , Sankeerthana (Telugu) ,
Hamsanandhi  , Mallelo Illesa , Anumaanaspadam (Telugu) ,
Hamsanandhi  , Nee Paadum Paadal Edhu  , Engeyo Kaeta Kural    ,
Hamsanandhi  , O Poo Malai  , Iniya Uravu Poothadhu  ,
Hamsanandhi  , Paavana Guru  , Mella Thirandhadhu Kadhavu ,
Hamsanandhi  , Putham Puthu Poo  , Thalapathy  ,
Hamsanandhi  , Raathiriyil Poothirukkum  ," Thanga Magan (line ""Vaazhaiyilai Neerthelithu"" is vasantha) ",
Hamsanandhi  , Ragadheebam Yetrum  , Payanangal Mudivadhilai  ,
Hamsanandhi  , Vaanam Niram Maarum  , Dhavani Kanavugal  ,
Hamsanandhi  , Vaazhkai Odam Sella , Aval Appadithaan (haunting tune this) ,
Hamsanandhi , Vedham , Saagar Sangamam (Telugu) ,
Hamsanandhi  , Vedham Anuvilum  , Salangai Oli  ,
Hamsanandhi  , Vinnor Thozhulum Thiruvannamalai  , Raajavin Ramanamalai ,
Harikhambhodhi  , | S R2 G3 M1 P D2 N2 S | S N2 D2 P M1 G3 R2 S  ,  ,
Harikhambhodhi , Aadi Pattam Thedi Paarthu , Ponnumani  ,
Harikhambhodhi , Ada Pudhiyadhu Pirandhadhu , Thevar Magan  ,
Harikhambhodhi , Andha Kattilukku , Chinna Vaathiyaar ,
Harikhambhodhi , Deviyae Naan Saranam , Thanga Thaamaraigal ,
Harikhambhodhi , Ennavendru Solvadhamma , Raajakumaran   ,
Harikhambhodhi , Guru Sharanam Sharanam , Guru (Malayalam) [Wholesome music…Period !!] ,
Harikhambhodhi  , Kaana Karunkuyilae , Sedhu                                                     ,
Harikhambhodhi  , Kalyana Mela Satham , Thambikku Entha Ooru  ,
Harikhambhodhi  , Kangal Rendum Sandham Solla , Unakkagave Vaazhgiren (mind boggling strings work)  ,
Harikhambhodhi  , Kannu Pada Pogudhaiyya  , Chinna Kounder  ,
Harikhambhodhi  , Manasukkula Nayana Satham  , Mallu Vetti Minor  ,
Harikhambhodhi , Manavaatti Penninnu , Kaliyoonjal (Malayalam) ,
Harikhambhodhi  , Mullai Arumbe  , Thanikaatu Raja (Oh sweet honey this song) ,
Harikhambhodhi  , Naan Thaan Toppu , Thanikaatu Raja ,
Harikhambhodhi  , Naan Yaaru Enakkedhum , Chinna Jamin (simple yet powerful tune) ,
Harikhambhodhi  , Naane Naana Yaaro Dhaana , Azhaghe Unnai Aaradhikiren ,
Harikhambhodhi  , Oru Kundu Malli  , Avatharam  ,
Harikhambhodhi  , Oru Naal Oru Kanavu , Kannukul Nilavu ,
Harikhambhodhi  , Palaiyathu Ponnu Naanu , Rasukutty ,
Harikhambhodhi   , Pattu Vanna Selaikaari  , Engeyo Kaetta Kural ,
Harikhambhodhi  , Pazhamudhir Cholai  , Varusham Padhinaaru  ,
Harikhambhodhi  , Ponnavani Poomuthe , Man Of The Match (Malayalam) ,
Harikhambhodhi  , Pottu Vaitha Oru Vatta Nila , Idhayam ,
Harikhambhodhi  , Saandhu Pottu Oru Sandhana Pottu , Thevar Magan  ,
Harikhambhodhi  , Santhosham Inru Santhosham , Manidhanin Marupakkam ,
Harikhambhodhi  , Thandhen Thandhen Isai , Villupaatukkaaran  ,
Harikhambhodhi  , Thendral Varum Vazhiyai , Friends (Watch out for some Bahudhari touches !!) ,
Harikhambhodhi  , Yaarum Vilaiyaadum Thottam , Nadodi Thendral  ,
Harikhambhodhi  , Yetham Amma Yetham  , Ninaive Oru Sangheedham ,
Harikhambhodhi   , Vaana Mazhai Pole , Idhu Namma Bhoomi (Mixes Ni3 / Desh touch?!) ,
Harikhambhodhi   , Vaangada , Komberi Mookan ,
Hemabhushini , | S R3 G3 M2 P D2 N2 S | S N2 D2 P M2 G2 R2 S  , Gangeyabhushini sans 'Pa' ,
Hemabhushini , Karayaadha Manamum Undo  , Varusham 16 ,
Hemavathi  , | S R2 G2 M2 P D2 N2 S | S N2 D2 P M2 G2 R2 S  ,  ,
Hemavathi  , Manam Poley Maangalyam  , Pudhupatti Ponnuthaayi ,
Hindolam  , | S G2 M1 D1 N2 S | S N2 D1 M1 G2 S  ,  ,
Hindolam , Aa Kanulalo , Aalapana  (Telugu) ,
Hindolam    , Aanandha Thenkaatru  , Manipoor Maamiyaar ,
Hindolam , Are Kamali Kamali Kamali , Boomi Geetha (Kannada) ,
Hindolam  , Dharisanam Kidaikaatha  , Alaigal Oiyvathilai  ,
Hindolam    , Ellarukkum  , Enna Petha Raasa  ,
Hindolam    , En Veettu Jannal , Raman Abdulla ,
Hindolam  , Kanna Unai Thedugiraen Vaa  , Unakkagave Vaazhgiren ,
Hindolam  , Kuppamma Petha Raasa , Alai Osai ,
Hindolam  , Naan Aga Naan Illai  , Thoongathe Thambi Thoongathe  ,
Hindolam  , Naan Thedum  , Dharmapathini (Mixes Chandrakouns's Ni3)  ,
Hindolam  , Nilave Nee Vara Vendum , En Arugil Nee Irundhal ,
Hindolam  , Oh Janani En Suram Nee  , Pudhiya Ragam  ,
Hindolam  , Om Namahshivaaya , Saagar Sangamam (Telugu) ,
Hindolam  , Om Namahshivaaya , Salangai Oli  ,
Hindolam   , Ooradungum Saamathile  , Pudhupatti Ponnuthaayi ,
Hindolam , Rangulalo Kalavo , Abhinandana  (Telugu) ,
Hindolam , Saagarasangamame , Seethakoka Chilaka  (Telugu) ,
Hindolam  , Sreedevi En Vazhvil  , illamai Kolam  ,
Hindolam    , Solla Solla Enna Perumai , Ellam Inba Mayam  ,
Hindolam  , Unnal Mudiyum  , Unnal Mudiyum Thambi  ,
Hindolam  , Yaarodu Yaar  , Thanga Thaamaraigal (Mixes Chandrakouns?)  ,
Jhankaradhwani , S R2 G2 M1 P D1 N1 S  I  S N1 D1 P M1 G2 R2 S ,  ,
Jhankaradhwani , Kanmaniye Pesu , Kaakhi Sattai (scant G2 usage) ,
Jog  , S G3 M1 P N3 S  I  S N2 P M1 G3 M1 G3 S R3 S ,  ,
Jog  , Holi Holi Holi , Rasukutty ,
Jog  , Isai Padu Nee  , Isai Paadum Thendral ,
Jog  , Kavidhai Kelungal  , Punnagai Mannan (Jog is one of the ragas) ,
Jog  , Metti Oli Kaatrodu  , Metti  ,
Jog  , Oh Kalai Kuyilgale , Unnai Vaazhthi Padugiren ,
Jog  , Oru Pattaampoochi Nenjukkulle  , Kaadhalukku Mariyaadhai  ,
Jog  , Paadhi Kallil Mayakkam , Azhaghe Unnai Aaradhikiren ,
Jog  , Peygala Nambaatha  , Mahanadhi  ,
Jog  , Raagam Azhaithu Vantha Geetham  , Kanmani Oru Kavithai (some dharbari touches) ,
Jog  , Vanjikodi  , Kanna Unai Thedugiren  ,
Jog  , Vatta Pandhai Thottu  , Chinna Vaathiyaar ,
Jonpuri , S R2 M1 P D1 N2 S  I  S N2 D1 P M1 G2 R2 S , (Hindustani derivative from Asavari thaat) ,
Jonpuri , Dhegam Siragadikkum , Naane Raja Naane Manthiri  ,
Jonpuri , Enakku Piditha Padal  , Julee Ganapathy ,
Jonpuri , Engengu Nee Sendra Podhum , Ninaikka Therindha Manamae ,
Kanada  , | S R2 G2 M1 D N2 S | S N2 P M1 G2 M1 R2 S  ,  ,
Kanada  , Marugo Marugo  , Sathi Leelavathi  ,
Kanada  , Poomaalai  , Sindhu Bhairavi  ,
Kaapi , | S R2 M1 P N3 S | S N2 D2 N2 P M1 G2 R2 S ,  ,
Kaapi , Ada Maapila Summa Moraikkadha  , Siva (versatile use of a gamakkam prone raga!!) ,
Kaapi , Chembaruthi Poovu  , Chembaruthi  ,
Kaapi , Chinna Chinna Malar Ondru  , Kavalai Padathe Sagodhara  ,
Kaapi , Chinna Thaayaval , Thalapathi ,
Kaapi , Ennuyir Neethaanae  , Priya (piloo touch?) ,
Kaapi , Ganashama Vrindhavanyam , Kochu Kochu Santhoshangal (Malayalam) [God's own tune] ,
Kaapi , Hey Paadal Onru  , Priya (piloo touch?) ,
Kaapi , Kannan Vandhadhaalae Nanmai Vandhadhu , Thambi Pondatti ,
Kaapi , Kanne Kalaimaane  , Moondram Pirai  ,
Kaapi , Oranjaram Usharaiyya ," Kakai Chiraginile  (Mixes ""Desh"" in charanams) ",
Kaapi , Saami Kitta Solli Vachu , Aavaaram Poo (subtle usage of the raga) ,
Kaapi , Sangathil Paadatha Kavigal  , Auto Raja  ,
Kaapi , Sirithal Sirippen Aval Oru Rajakumari , Mariamman Thiruvizha ,
Kaapi , Sugamo Aayiram , Thunaiyiruppal Meenakshi ,
Kaapi , Summaa Saayaka , Kochu Kochu Santhoshangal (Malayalam) ,
Kaapi , Sunu oh yashodha , Live in Italy - ilaiyaraaja's music journey ,
Kaapi , Thanni Thotti  , Sindhu Bhairavi  ,
Kaapi , Thayum Naane Thanga Ila Maane , Engeyo Kaeta Kural    ,
Kaapi , Thumbee Vaa  , Olangal (Malayalam) ,
Kaapi , Yenaava  , Sankeerthana (Telugu) ,
Kadhambini , | S R2 G2 P D1 N1 S | S N1 D1 P G2 R1 S  , (A Jhankaradhwani Derivative !) ,
Kadhambini , Vellai Nirathoru , Ennai Vittu Pogaadhe ,
Kalasaveri  , | S R1 G2 P N2 S | S N2 P G2 R1 S  , (A Hanumathodi Derivative !) ,
Kalasaveri  , Neeya Azhaithadhu , Alai Osai ,
Kalasaveri  , Sandi Raaniye , Mannan (trace mix of D1 / M1) ,
Kalyana Vasandham , I S G2 M1 D1 N3 S | S N3 D1 P M1 G2 R2 S ,  ,
Kalyana Vasandham , Nenjil Ulla Kayam Onru , Rishimoolam ,
Kalyani  , | S R2 G3 M2 P D2 N3 S | S N3 D2 P M2 G3 R2 S  , (Mangalagaramaana ragam !) ,
Kalyani  , Aaraaro Aararo  , Anand  ,
Kalyani  , Adhisaya Nadam Idum Abhinaya Saraswathiyo , Sirayil Pootha Chinna Malar ,
Kalyani , Akkuthikkuthaana Vaayo , Kaliyoonjal (Malayalam) ,
Kalyani  , Amma Endrazhaikkatha  , Mannan  ,
Kalyani  , Arul Thavazhum , Guru Ramana Geetham ,
Kalyani  , Chamber Welcomes Thiyagaraja , How to Name It ,
Kalyani  , Charanam Bhava Karunamayi  , Sedhu (some deviations in charanams) ,
Kalyani  , Dhevan Thandha Veenai  , Unnai Naan Sandhithen (few anya swaras in Ist para) ,
Kalyani  , Ennai Oruvan Paada Sonnan  , Kumbakarai Thangaiyya  ,
Kalyani  , ila Vattam Kaetkattum  , My Dear Maarthaandan  (vintage raja number) ,
Kalyani  , Janani Janani  , Thai Moogambigai (bet there isn't a better kalyani song) ,
Kalyani , Kaatril Varum Geedhamae , Oru Naal Oru Kanavu (! Yet another massive kalyani)  ,
Kalyani  , Kalaivaaniye  , Sindhu Bhairavi  ,
Kalyani  , Konjam Sangeedham Kattru Thaa , Veetula Visheshanga (the charanams are a feast in kalyani) ,
Kalyani , Kottaara kettile , Friends (Malayalam) ,
Kalyani  , Malayoram Mayile  , Oruvar Vaazhum Aalayam  ,
Kalyani  , Mandhaara Poo  , Vinodhayathra (Malayalam) ,
Kalyani  , Manjal Veyil  , Nandu  ,
Kalyani  , Naan Enbathu Nee Allavo  , Soorasamhaaram  ,
Kalyani  , Naan Paada Varuvaai  , Udiri Pookal  ,
Kalyani  , Nadhiyil Aadum  , Kaadhal Oviyam  ,
Kalyani  , Nirpathuve Nadapathuve  , Bharathi  ,
Kalyani  , Om Namo Nama , Surya IPS (Telugu) ,
Kalyani , Poonkattinodum  , Poomukhappadiyil Ninneyum Kaathu (Malayalam) ,
Kalyani , Poovadikalil Alayum , Vyamoham ,
Kalyani  , Radha Azhaikiral , Therkkathi Kallan ,
Kalyani  , Siru Kootula Ulla Kuyilukku  , Paandi Naatu Thangam ,
Kalyani   , Sundari Kannal Oru Seidhi , Thalabadhi  (Blends raga Kosalam - R3 usage) ,
Kalyani , Suramodhamu , Aditya-369 (Telugu) ,
Kalyani  , Thalaatum Kaatre , Devan ,
Kalyani  , Unnai Naan Parkaiyil , Kannukoru Vannakili (shows many janya characteristics) ,
Kalyani , Va Kathirukka Neramillai  , Kathirukka Neramillai    ,
Kalyani  , Vaidhehi Raman  , Ilamai Kolangal  ,
Kalyani  , Vaishnava Janatho , Hey Ram ,
Kalyani  , Vandhal Mahalaxmiye  , Uyarndha Ullam  ,
Kalyani  , Vellai Pura Ondru  , Pudhu Kavidhai ,
Kalyani  , Vizhigal Meeno Mozhigal Theno  , Raagangal Maaruvadhillai ,
Kalyani  , Vizhiyae Vilakondru Yaetru , Thazhuvaadha Kaigal  ,
Kanakangi  , | S R1 G1 M1 P D1 N1 S | S N1 D1 P M1 G1 R1 S  , (the first melakarta raga !) ,
Kanakangi  , Mogam Enum Thee  , Sindhu Bhairavi (bending an un-bendable / stiff scale) ,
Karaharapriya  , | S R2 G2 M1 P D2 N2 S | S N2 D2 P M1 G2 R2 S  , (the raga best suited for folk music !) ,
Karaharapriya  , Aanenna Pennenna  , Dharmadurai ,
Karaharapriya  , Adukku Malli  , Aavaram Poo  ,
Karaharapriya  , Anandham Pongida Pongida , Sirayil Pootha Chinna Malar ,
Karaharapriya  , Enga Ooru Kavakaara , Enga Ooru Kavalkaaran (brings out folk face of the raga) ,
Karaharapriya  , Ilangaathu Veesudhe , Pithamagan  ,
Karaharapriya  , Kadalora Kavidhaiye  , Chinnavar ,
Karaharapriya  , Maapillaikki Kaalai Vayasu , Netrikkan  ,
Karaharapriya  , Maalai karukalil Solai Karunkuyil , Neethiyin Marupakkam (touches g3 and ni3) ,
Karaharapriya  , Olathumbathu , Pappayude Swantham Appoose (Malayalam)  ,
Karaharapriya  , Orae Oru Gramathilae , Orae Oru Gramathilae ,
Karaharapriya  , Poo Malarnthida Nadamidum Pon Mayile  , Tik Tik Tik  ,
Karaharapriya  , Poongatru Thirumbuma , Mudhal Mariyaadhai ,
Karaharapriya  , Thaana Vantha Santhaname  , Ooru Vittu Ooru Vanthu (You Couldn’t Ask for More) ,
Karaharapriya  , Thalaattu Maari Ponadhe , Unnai Naan Sandhithen  ,
Karaharapriya  , Thirunaveli Seemayile  , Thirunelveli ,
Karaharapriya  , Thooliyile Aada Vandha  , Chinnathambi ,
Karaharapriya  , Unnai Vaazhthavandhen , Unna Vazhthi Padugiren ,
Karaharapriya  , Vazha Vaikkum Kadhalukku , Aboorva Sagotharargal  ,
Karaharapriya  , Yaaru Yaaru  , Dharmathin Thalaivan  ,
Karnaranjani  , | S R2 G2 M1 G2 D2 S | S N2 D2 P M1 G2 R2 S  ,  ,
Karnaranjani  , Ilamai Enum Poongaatru  , Pagalil Oru Iravu  ,
Karnaranjani  , Naan Paadum Mouna Ragam  , Idhaya Koyil (M2 usage) ,
Karnaranjani  , Theertha Karaidhanilae , Thai Pongal (haunting stuff) ,
Kathyayini  , | S R2 G2 P D1 S | S D1 P G2 R2 S  ,  ,
Kathyayini  , Amma Amma Enthan Aaruyire , Uzhaipaali    ,
Kathyayini  , Jodi Nathigal  , Anbe Odi Vaa  ,
Kathyayini  , Vizhiyile Mani Vizhiyil Mouna Mozhi  ," Nooraavadhu Naal (with lot of anya swaras, Ni3, D2)   ",
Kedharam  , | S M1 G3 M1 P N3 S | S N3 P M1 G3 R2 S  ,  ,
Kedharam  , Pon Maalai Pozhudhu  , Nizhalgal  ,
Kedharam  , Sundari Neeyum Sundaran Nyanum  , Michael Madana Kama Rajan (a multi genre song) ,
Keeravani  , | S R2 G2 M1 P D1 N3 S | S N3 D1 P M1 G2 R2 S  , (research says the raga is good for your heart !) ,
Keeravani  , Aagaya Thamarai  , Naadodi Paatukaran  ,
Keeravani  , Aayiram Kodi Sooriyan Pole  , Karisakkaatu Poove  ,
Keeravani  , Adi Naan Pudicha Kiliye , Rasukutty (a gem in the raga !!) ,
Keeravani  , Alamaram Velamaram  , Senthooram  ,
Keeravani  , Alapanai Seiyyum Malai Pozhudhu , Pon Megalai ,
Keeravani  , Andha Vanatha Pola Manam  , Chinna Kounder (touches Ni2 slightly) ,
Keeravani  , Aridhaaratha Poosikolla  , Avatharam  ,
Keeravani  , Aruna Kirana  , Guru (Malayalam) ,
Keeravani  , Chinna Mani Kuyile , Amman Kovil Kizhakale (misses D1 but touches Ni2 !!) ,
Keeravani  , Dheem Thakita , Nammura Mandaara Hoove (Kannada) ,
Keeravani  , Dhinakku Dhinakku Dham , Urudhi Mozhi  ,
Keeravani  , Kanmaniyae Kanmaniyae Solluvadha Kaelu , Chinna Vaathiyaar ,
Keeravani  , Enadhu Ragam Mouna Ragam , Pondaatti Thevai  ,
Keeravani  , Enge Sellum Intha Paathai  , Sethu                                                     ,
Keeravani  , Ennai Thalatta Varuvalo , Kadhalukku Mariyadhai (a soft stunner) ,
Keeravani  , Ennule Ennule  , Valli (Mixes Ni2) ,
Keeravani   , Goods Vandiyile  , Kugumachimizh [Cool Interludes] ,
Keeravani  , Highways'le Speed Break ille  , Manasellam ,
Keeravani  , Idhayame Idhayame Ennai Marandhadhu  , Julee Ganapathy ,
Keeravani  , Ilavenil Idhu Vaigaasi Maasam  , Kaadhal Rojaave                     ,
Keeravani  , Jingidi Jingidi Unakku  , Guru Sishyan ,
Keeravani  , Kaalathai Vendra  , Uliyin Osai ,
Keeravani  , Kaatril Enthan  , Johny  ,
Keeravani  , Kadhal Oru Kolam  , Vaa Vaa Vasandhamae ,
Keeravani  , Kadha Pola Thonum Idhu Kadhaiyum Illa  , Veerathaalatu (staggering interludes) ,
Keeravani  , Kajuraho Kanavilor Sirpam  , Oru Naal Oru Kanavu ,
Keeravani  , Kalyana Pallakkil  , Kaliyoonjal (Malayalam) ,
Keeravani , Kan Malargalin Azhaipidhazh , Thai Pongal  ,
Keeravani  , Kanmanikku Vaazhthu , Annan  ,
Keeravani  , Kanne Inru Kalyana  , Aanazhagan  ,
Keeravani  , Keeravani Keeravani  , Paadum Paravaigal  ,
Keeravani , Keeravani , Anweshana  (Telugu) ,
Keeravani , Konjam Konjam , Maayakkannaadi ,
Keeravani , Kuilalo , Anumaanaspadam (Telugu) ,
Keeravani  , Kuyile Kuyile  , Kadhal Oviyam  ,
Keeravani   , Kuyilukku Koo Koo Koovida  , Friends ,
Keeravani  , Mala Karukalile , Enga Ooru Kavalkaaran (Mixes Ni2)  ,
Keeravani  , Malare Thendral Paadum Gaanam , Veetula Visheshanga  ,
Keeravani  , Malargalile Aaradhanai  , Karumbu Vil  ,
Keeravani  , Malayoram Maanguruvi  , Enga Thambi ,
Keeravani  , Malayoram Veesum Kaatru  , Paadu Nilave  ,
Keeravani  , Mamanoda Manasu Malliyappoo Pole , Uthama Raasa (beautifull song…also see the picturization) ,
Keeravani  , Manja Podi Theikayile , Shenbagame Shenbagame  ,
Keeravani  , Manjal Poosum  , Friends    ,
Keeravani  , Mannil Intha Kaadal  , Keladi Kanmani (Patdheep touches?) ,
Keeravani  , Marakkudayal , Manasinakkare (Malayalam) ,
Keeravani , Nandhavana Kuyilae , Ponnu Veetukkaran  ,
Keeravani  , Nadandhal Irandadi , Chembaruthi  ,
Keeravani  , Neethaane Neethaane  , Thaalaattu Paadava  ,
Keeravani  , Nenjukkule Innarunnu  , Ponnumani  ,
Keeravani  , Nila Adhu Vaanathu Melae , Nayagan (a very versatile usage of keeravani) ,
Keeravani  , Oh Papa Laali  , Idhayathai Thirudathe  ,
Keeravani  , Oliyile Therivadhu  , Azhagi (Mixes Ni2i) ,
Keeravani  , Oora Therinjikiten Ulagam Purinjikiten  , Padikaadhavan (touches ni2) ,
Keeravani  , Oru Kaadhal Dhevadhai , Saindhaadamma Saindhaadu ,
Keeravani  , Oru Kili Urugudhu , Anandha Kummi ,
Keeravani  , Oru Muthukili  , Thayamma  ,
Keeravani  , Oru Thulir Onnu Arumbuthu  , Thodarum                                                     ,
Keeravani  , Oru Porkaalam Thodangum , Kasthuri Maan  ,
Keeravani  , Paadi Parantha Kili  , Kizhakku Vaasal (touches Ga3 / Ma2) ,
Keeravani  , Poo Pookum Maasam , Varusham 16 ,
Keeravani  , Poongaatre Ini Podhum ," Padicha Pulla (belter of a tune, and awesome rendition !!!) ",
Keeravani  , Poongodi Dhaan Poothadhamma , Idhayam ,
Keeravani  , Poovay Virinju  , Atharvam (Malayalam) ,
Keeravani  , Povoma Oorgolam  , Chinnathambi  ,
Keeravani  , Priyasaki oh Priyasaki , Gopura Vasalile  ,
Keeravani  , Pularikkinnam , Friends (Malayalam) ,
Keeravani  , Raja Raja Sozhan Naan  , Rettai Vaal Kuruvi  ,
Keeravani , Rasathi Manasule , Raasave Unna Nambi ,
Keeravani  , Rotoram Paatu Satham  , En Mana Vaanil ,
Keeravani  , Siru Siru Siragugalil , Konji Pesalam ,
Keeravani   , Sittu Parakudhu Kuthaalathil  , Nilave Mugam Kaatu ,
Keeravani   , Suttri Varum Ulagathile  , Raajavin Ramanamaalai ,
Keeravani  , Thalukki Thalukki  , Kizhakku Vasal (Mixes Ni2) ,
Keeravani  , Thamara Kuruvikku , Achuvinte Amma (Malayalam) ,
Keeravani  , Thanga Changili  , Thooral Ninnu Pochu  ,
Keeravani , The Fourth Track of the album , How to Name It ,
Keeravani  , Thendral Kaatre Konjam Nillu  , Eeramaana Rojaave ,
Keeravani  , Thevaram Nokkunnunde , Rasathanthram (Malayalam) ,
Keeravani  , Thuliyo Thuli Muthu Thuli , Kathirukka Neramillai ,
Keeravani  ," Un Kuthama, En Kuthama  ", Azhagi  ,
Keeravani  , Un Nenja Thottu Sollu , Rajadhi Raaja  ,
Keeravani  , Unna Nenache Pattu Padichen  , Aboorva Sagotharargal  ,
Keeravani  , Unnai Naan Ariven  , Guna  ,
Keeravani  , Vaanam Adhirave  , Ramana  ,
Keeravani  , Vanathilirubdhu Kudhichi Vandhena , Poonthotam ,
Keeravani  , Veenaikku Veenai Kunju  , Ellame En Raasathan  ,
Keeravani  , Vennilavukku Vaanatha  , Thaalaattu Paadava  ,
Khamas  , | S M1 G3 M1 P D2 N2 S | S N2 D2 P M1 G3 R2 S  ,Some definitions also allow Ni3 ,
Khamas  , Kootathile Kovil Pura  , Idhaya Kovil ,
Khamas  , Naan Pesa Vandhen , Palooti Valartha Kili ,
Khamas  , Pallaviye Charanam  , Oruvar Vaazhum Aalayam                                   ,
Khamas  , Ponnil Vanam  , Villupaatukkaaran  ,
Kundalavarali  , | S M1 P D2 N2 D2 S | S N2 D2 P M1 S  ,  ,
Kundalavarali  , Azhagi Nee Paerazhagi  , Enga Ooru Paatukaran  ,
Kundalavarali  , Adi Maana Maduraiyilae , Kovil Kaalai  ,
Kundalavarali  , Puttu Puttu Vaikattuma , illam ,
Lalitha  , | S R1 G3 M1 D2 N3 S | S N3 D2 M1 G3 R1 S  ,  ,
Lalitha  , Amma Janani Charanaalayam Nee  , Ilaiyaraajavin Geethanjali (will cleanse ur being)            ,
Lalitha  , Idhazhil Kadhai  , Unnal Mudiyum Thambi  ,
Lalitha , Lalita Priya Kamalam , Rudraveena (Telugu) ,
Lalitha  , Sengamalam Sirikkidhu  , Dhavani Kanavugal (Uses Ga2 in charanams) ,
Lalitha  , Thirumagal Un Mugam Paarka Vendum  , Veera  ,
Lalitha  , Vanakuyile Kuyil Tharum  , Priyanka ,
Lathaangi  , | S R2 G3 M2 P D1 N3 S | S N3 D1 P M2 G3 R2 S  ,  ,
Lathaangi  , Aadum Padham Thozha , Pon Megalai ,
Lathaangi  , Chinna Rasave  , Walter Vetrivel ,
Lathaangi  , Ennai Thodarndhu  , Maamiyaar Veedu ,
Lathaangi  , Thogai Ila Mayil Aadi Varugudhu  , Payanangal Mudivadhillai (trace M2 usage) ,
Lathaangi  , Vanamellam Senbagapoo (female version) , Naadodi Pattukaaran ,
Lavanthika , | S R2 M1 P N3 S | S N3 P M1 R2 S  ,  ,
Lavanthika , Aathadi Paavada Kaathada , Poo Vilangu (weak hearts just call it brindhavana saranga) ,
Lavantipriya  , | S R1 M1 P D1 S | S D1 P M1 R1 S  , Differs from Malahari - no gandharam in the avarohanam  ,
Lavantipriya  , Mouna Ragam  , Kolangal (only possible to ilaiyaraja !!) ,
Maand , | S G3 M1 P D2 S | S N3 D2 P M1 G3 R2 S  ,  ,
Maand , Machaan Un Machiniya , Raman Abdulla ,
Maand , Vanna Chindhu Vandhu Vilaiyaadum , Kovil Kaalai ,
Madhukauns  , | S G2 M2 P N2 S | S N2 P M2 G2 S  ,  ,
Madhukauns  , Nalam Vaazha Ennalum  , Marubadiyum (Uses Dha2 & Ri2) ,
Madhyamavathi  , | S R2 M1 P N2 S | S N2 P M1 R2 S  ,  ,
Madhyamavathi  , Aagaya Gangai  , Dharma Yudham  ,
Madhyamavathi  , Aala Marathu Kuyilae , Annan  ,
Madhyamavathi  , Ariro Araro , Indiran Chandhiran                                                ,
Madhyamavathi  , Adi Pennae Ponoonjal Aadum  , Mullum Malarum  ,
Madhyamavathi  , Ammamma  , Thalaattu Padava ,
Madhyamavathi  , Anandham Then Sindhum  , Mann Vasanai  ,
Madhyamavathi  , Arule Arul Maniye  , Kavalai Padathe Sagodhara  ,
Madhyamavathi  , Azhagaana Manjapura , Ellame En Raasathan (bliss this one) ,
Madhyamavathi  , Azhagiya Thirumaganae  , Rajarishi  ,
Madhyamavathi , Bhoodyaaviyaa Habba Habba , Boomi Geetha (Kannada) ,
Madhyamavathi  , Chittu Chittu Kuruvikku , Azhaghi  ,
Madhyamavathi  , Eeramana Rojave  , Ilamaikalangal  ,
Madhyamavathi  , Ejamaan Kaaladi Manneduthu  , Ejaman  ,
Madhyamavathi  , En Kalyana Vaibhogam  , Azhaghe Unnai Aaradhikiren ,
Madhyamavathi  , Halo Guru , Nirnayam (Telugu) ,
Madhyamavathi  , Kannil Ilam , Aayiram Nilave Vaa ,
Madhyamavathi , Kathirum Kothi , Man Of The Match (Malayalam) ,
Madhyamavathi  , Kavithai Paadu Kuyilae  ,Thendralae Ennai Thodu (Mixes Brindavana Saranga) ,
Madhyamavathi  , Kumbam Karai Sertha Thangayya  , Kumbakarai Thangaiyya  ,
Madhyamavathi  , Kuyile Kuyile  , Aan Paavam (bubbling with enthusiasm) ,
Madhyamavathi  , Kuyile Kuyile Kuyilakka , En Bommukutty Ammaavukku ,
Madhyamavathi  , Mangalam Nerunnu  , Alliyilam Poovo (Malayalam) ,
Madhyamavathi  , Maragadha Kutti , Chinna Durai ,
Madhyamavathi  , Muthu Muthu  , Nammura Mandaara Hoove (Kannada) ,
Madhyamavathi  , Nila Kayidhu ," Sakalakala Vallavan (touches of sri ragam, sriranjani) ",
Madhyamavathi  , Nee Thane Enthan  , Ninaivellam Nithya  ,
Madhyamavathi  , Poo Arumbuthu  , Kutti  ,
Madhyamavathi  , Pon Meni Urugudhe , Moonram Pirai ,
Madhyamavathi  , Pon Vaana Poongavil , Vaalibamae Vaa Vaa ,
Madhyamavathi  , Ponnu Veetu Kaararae Kelunga , Ponnu Veetukkaran  ,
Madhyamavathi  , Puthu Ponnu Mapillai , Kaadhal Rojaave                     ,
Madhyamavathi  , Sembaruthi Penoruthi , Raman Abdulla ,
Madhyamavathi  , Sevanthi Pookalil Seidha Veedu , Mella Pesungal ,
Madhyamavathi  , Solaikuyile  , Ponnu Oorukku Pudhusu  ,
Madhyamavathi  , Suvvi Suvvi , Swathi Muthyam (Telugu) ,
Madhyamavathi  , Thaalattu Pillai Ennai  , Achchaani  ,
Madhyamavathi  , Thanga Nilavukkul Nilavondru , Rickshaw Maama ,
Madhyamavathi  , Thazham Poovae Vaasam  , Kai Kodukum Kai  ,
Madhyamavathi  , Thulli Thulli  , Sippikkul Muthu  ,
Madhyamavathi  , Vanamellam Senbagapoo (male version) , Naadodi Pattukaaran ,
Madhyamavathi  , Vanna Pandhai Thottu Vilayaada  , Chinna Vaathiyaar ,
Madhyamavathi  , Vennilavu Kodhipadhenna , Chinna Mapillai ,
Malahari  , | S R1 M1 P D1 S | S D1 P M1 G3 R1 S  ,  ,
Malahari  , Srigananaadhaa  , Kaatrukkenna Veli ,
Malahari  , Lambodhara Lakumikara  , Alaigal Oiyvathilai  ,
Malayamarutham  , | S R1 G3 P D2 N2 S | S N2 D2 P G3 R1 S  ,  ,
Malayamarutham  , Aalolam Peelikavadi Theril , Aalolam (Malayalam)  ,
Malayamarutham  , Kanmani Nee Vara  , Thendrale Ennai Thodu  ,
Malayamarutham  , Kodi Inbam Meni Yengum , Nenjil Aadum Poo Ondru ,
Malayamarutham  , Oomai Nenjin Sondham  , Manidhanin Marupakkam ,
Malayamarutham  , Poojaikaaga Vaadum Poovai  , Kaadhal Oviyam  ,
Malayamarutham  , Thendral Ennai Muthamittathu  , Oru Odai Nadiyagirathu ,
Malkauns  , | S G2 M1 D1 N2 S | S N2 D1 M1 G2 R2 S  ,  ,
Malkauns  , Composer's Breath  , Nothing But Wind (Ragamalika towards end) ,
Malkauns  , Sadha Sadha Unnai  , Raajavin Ramanamaalai ,
Manirangu  , | S R2 M1 P N2 S | S N2 P M1 G2 R2 S  ,  ,
Manirangu  , Subharaagame En Sugabhogam Neeyae  , Kanni Raasi  ,
Mayamalawagowlai  , | S R1 G3 M1 P D1 N3 S | S N3 D1 P M1 G3 R1 S  , (the first raga that is taught for carnatic students !) ,
Mayamalawagowlai  , Alla Un Aanai Padi  , Chandralekha  ,
Mayamalawagowlai  , Andhi Varum Neram  , Mundhanai Mudhichu  ,
Mayamalawagowlai  , Anthapurathil Oru Maharani  , Deepam  ,
Mayamalawagowlai  , Appanendrum Ammaiendrum  , Guna                                               ,
Mayamalawagowlai  , Aradi Suvaru Dhaan  , Idhu Namma Bhoomi (haunting charanams !!)  ,
Mayamalawagowlai  , Arumb Arumba Saram Thodutha  , Chinnathayi  ,
Mayamalawagowlai  , Chinna Kuyile Kuyile  , Manasellam ,
Mayamalawagowlai  , En Thayenum Koyilai  , Aranmanai Kili  ,
Mayamalawagowlai  , Enna Paatu Paada  , Chakkalathi (Naadhanamakriya?) ,
Mayamalawagowlai  , Enakinai Yaaringe  , Ivan ,
Mayamalawagowlai  , Enga Ooru Laila Laila , Karagaatakari ,
Mayamalawagowlai  , Enge Naan Kanbaen  , Sadhanai  ,
Mayamalawagowlai  , Gnana Thangamae , Raajagopuram ,
Mayamalawagowlai  , Idho Idho En Nenjile  , Vattathukkul Sathuram ,
Mayamalawagowlai  , Ilam Kadhal Veenai  , Vellai Pura Onru  ,
Mayamalawagowlai  , Jigi Jigi  , Chettu Kindha Pleader  (Telugu) ,
Mayamalawagowlai  , Kaadhal Kavithaigal  , Gopura Vasalile  ,
Mayamalawagowlai  , Kaadhal Maharani  , Kaadhal Parisu                                                   ,
Mayamalawagowlai  , Kalise Prathi , Aalapana  (Telugu) ,
Mayamalawagowlai  , Kan Parum Devi , Kokkarako  ,
Mayamalawagowlai  , Kanava Idhu Unmaya  , Aruvadai Naal  ,
Mayamalawagowlai  , Kenu Mayangeeyo , Kallukondoru Pennu (Malayalam) ,
Mayamalawagowlai  , Kottu Kali Kottu  , Chinnavar  ,
Mayamalawagowlai  , Kuyila Pudichu  , Chinnathambi  ,
Mayamalawagowlai  , Maanin Iru Kangal Konda  , Maapillai (don’t miss the first 6 seconds of prelude) ,
Mayamalawagowlai  , Machchi Mannaru  , Ennuyir Thozhan  (a versatile composition !) ,
Mayamalawagowlai  , Madhura Marikozhundhu  , Enga Ooru Patukaran  ,
Mayamalawagowlai  , Manadhil Urudhi Vendum , Manadhil Urudhi Vendum  ,
Mayamalawagowlai  , Manjal Nilavukku  , Mudhal Iravu  ,
Mayamalawagowlai  , Mariyamma Mariyamma , Karagaatakaran  ,
Mayamalawagowlai  , Masaru Ponne Varuga  , Thevar Magan  ,
Mayamalawagowlai  , Mudhdhutho Srungaara , Dharma Kshethram (Telugu) ,
Mayamalawagowlai  , Nandri Sollave Enakku  , Udan Pirappu     ,
Mayamalawagowlai  , Neeye Gadhiyamma , Chinna Thurai  ,
Mayamalawagowlai  , Niyana Thangame , Raja Gopuram ,
Mayamalawagowlai  , Onapputhattu Bullakku Vaangi Tharen  , Chinna Jameen ,
Mayamalawagowlai  , Oru Chiri Kandal , Ponmudi Puzhayorathu ,
Mayamalawagowlai  , Poo Pole Un Punnagaiyil  , Kavarimaan ,
Mayamalawagowlai  , Poonkathave Thaazhthiravai  , Nizhalgal  ,
Mayamalawagowlai  , Poova Eduthu Oru   , Amman Kovil Kizhakaale  ,
Mayamalawagowlai  , Rama Namam Oru Vedame  , Sri Raghavendra  ,
Mayamalawagowlai  , Rasathi Rasathi  , Kanna Unai Thedugiren  ,
Mayamalawagowlai  , Samigale Samigale Sondha Kadhai Kelunga , En Purushan Thaan Enakku Mattum Thaan  ,
Mayamalawagowlai  , Sivagami Nenapinile , Kili Petchu Ketkava (a blinder of a tune from IR !!) ,
Mayamalawagowlai  , Sollaal Aditha Sundari , Chinna Kounder (touches dha2 slightly)  ,
Mayamalawagowlai  , Sorgathil Nikka Nikka  , Rajasthan  ,
Mayamalawagowlai  , Thayundu Thandhaiyundu , Kovil Kaalai (a soul rendering song) ,
Mayamalawagowlai  , The Third Track of the Album  , How to Name It ,
Mayamalawagowlai  , Thennangeetrum Thendral Kaatrum , Mudivilla Arambam ,
Mayamalawagowlai  , Ullukkulla Chakaravarthi  , Panakkaaran ,
Mayamalawagowlai  , Uyirae Uyirae Urugadhae  , Oruvar Vaazhum Aalayam  ,
Mayamalawagowlai  , Vaanam Idi Idikka  , Unna Ninaichen Paatu Padichen ,
Mayamalawagowlai  , Varaverkumo En Raajakumari , Pachakuthira ,
Mayamalawagowlai  , Vayasu Vandha Valibanukku  , En Mana Vaanil ,
Mayamalawagowlai  , Yamaho Nee Yama , Jagadeka Veerudu Athiloka Sundari (Telugu) ,
(Mecha) bowli , | S R1 G3 P D1 S | S D1 P M1 G3 R1 S  ,  ,
(Mecha) bowli , Senthaalam Poovil  , Mullum Malarum  ,
Mohana Kalyani  , | S R2 G3 P D2 S | S N3 D2 P M2 G3 R2 S  , (Simple…Mohanam plus Kalyani !) ,
Mohana Kalyani  , Enadhu Udalum Uyirum Porulum  , Raajavin Ramanamaalai ,
Mohana Kalyani  , Geetha Sangeetha  , Anbae Sangeetha  ,
Mohana Kalyani  , Kaalai Thendral Paadi Varum , Uyarndha Ullam (uses D1 in charanam !!) ,
Mohana Kalyani  , Kelada Manidava  , Bharathi  ,
Mohana Kalyani , Krishna Nuvvu , Shivshankar (Telugu) ,
Mohana Kalyani , Mudhal Mutham Mogam , Pudhir ,
Mohana Kalyani , Naan Sirithaal Deepavali , Nayagan ,
Mohana Kalyani  , Oh Party Nalla Party Dhaan  , Idhayam ,
Mohana Kalyani  , Paattu Thalaivan Padinal , Idhaya Kovil (watch out for the hamsadhwani phrase!!) ,
Mohana Kalyani  , Paarijaadha Poove , Ellame En Raasathan  ,
Mohana Kalyani  , Thenmalli Poove , Thyagam (trace of maand in charanams) ,
Mohana Kalyani  , Thirutheril Varum Silayo  , Naan Vaazha Vaippen  ,
Mohanam  , | S R2 G3 P D2 S | S D2 P G3 R2 S  , (a raga designed for both love & devotion !) ,
Mohanam , Aalolam Kili Thopilae ," Siraichaalai (uses M2, Ni3 of kalyani) ",
Mohanam , Aandaalalo Namo , Jagadeka Veerudu Athiloka Sundari (Telugu) ,
Mohanam , Aasai Nenjin Kanavugal Valarpirai , Mugathil Mugam Paarkalam ,
Mohanam  , Aathoram Kaathaada  , Engeyo Kaeta Kural ,
Mohanam , Aattirambile Kumbile ," Kaalapaani (Malayalam) (uses M2, Ni3 of kalyani) ",
Mohanam  , Abc Nee Vaasi  , Oru Kaidiyin Dairy (watch the rhythm patterns) ,
Mohanam  , Achachacho Penmai Poovache , Udhayam ,
Mohanam  , Adi Elachi Elachi Kozhaichi Kozhaichi  , Maharasan                ,
Mohanam  , Azhagaana Nam Paandi Naatinilae , Pudhupatti Ponnuthaayi ,
Mohanam , Athe Neevu , Abhinandana  (Telugu) ,
Mohanam , Cheri Yashodakku , Swarna Kamalam (Telugu) ,
Mohanam  , Enakkoru Magan Pirappan , Annanukku Je ,
Mohanam  , Enga Maharanikku  , Thalaimurai  ,
Mohanam  , Geetham Sangeetham  , Kokkarako  ,
Mohanam , Goro Gorokana , Boomi Geetha (Kannada) ,
Mohanam  , Gundumalli Gundumalli  , Solla Marandha Kadhai ,
Mohanam  , Idhayam Oru Kovil  , Idhayakovil  ,
Mohanam  , Indha Ammanukku  , Deiva Vaaku (appadi podu !!!) ,
Mohanam  , Indha Poovukoru Arasan  , Poovarasan ,
Mohanam  , Iru Paravaigal Malai Muzhuvadhum , Niram Maradha Pookal ,
Mohanam , Janapadha Ammodu , Usire (Kannada) ,
Mohanam  , Kanmaniye Kaadal  , Aarilirindu Arubathu Varai  ,
Mohanam  , Kannan Oru Kai Kuzhandhai , Badrakaali (uses Ni3 in avarohanam) ,
Mohanam  , Kasthoori Manae  , Pudhumai Penn (Diluted With Kalyani)  ,
Mohanam  , Kathirundhen Thaniye , Rasamagan ,
Mohanam  , Kekaliyo Kekaliyo , Kasthuri Maan  ,
Mohanam  , Ketkudhadi Koo Koo , Kattumarakaaran ,
Mohanam  , Kukku Koo Koovum  , Valli  ,
Mohanam  , Kurinji Malarin  , Azhaghe Unnai Aaradhikiren ,
Mohanam  , Malligai Malai Katti , Pudhiya Ragam (Mohanam for a Sad Mood!) ,
Mohanam  , Manjum Kulirum , Sandhyakku Virinja Poovu (Malayalam) ,
Mohanam  , Meenkodi Theril  , Karumbuvil  ,
Mohanam  , Meluru Maaman Melaga Pakuraan , Makkal Aatchi ,
Mohanam  , Naal Thorum Endhan Kannil , Dhevadhai ,
Mohanam  , Naan Oru Ponnoviyam  , Kannil Theriyum Kadhaigal  ,
Mohanam  , Naan Thanga Roja  , Time  ,
Mohanam  , Naan Undhan Thaayaga Vendum  , Ullasa Paravaigal  ,
Mohanam  , Nilavu Thoongum Naeram  , Kunkumachimizh (Diluted With Kalyani)  ,
Mohanam  , Ninnukkori  , Gharshana (Telugu) ,
Mohanam  , Ninnukkori Varnam  , Agni Nakshatiram  ,
Mohanam ," Oilaaley Hoiyaarae Hoiyee, Yamuna Theerey ", Yaathra (Malayalam) ,
Mohanam  , Om Kaarade Kande , Nammura Mandaara Hoove (Kannada) ,
Mohanam  , Oru Kanam Oru Yugamaaga , Nadodi Thendral  ,
Mohanam  , Oru Ragam Padalodu , Anandha Ragam ,
Mohanam  , Oru Thanga Rathathil  , Dharma Yudham  ,
Mohanam  , Oru Vaarthai Pesu ," Unknown (if someone knows the film name, tip me) ",
Mohanam  , Poovil Vandu  , Kadhal Oviyam  ,
Mohanam  , Pottu Vacha Kiliye  , Poovarasan ,
Mohanam  , Raadhe En Raadhe  , Japaanil Kalyaanaraaman ,
Mohanam  , Rela Rela Rela , Anumaanaspadam (Telugu) (a celebration of music) ,
Mohanam  , Saada Maada Pechukellam , Karagaatakari ,
Mohanam  , Thamtha Theemtha  , Pagalil Oru Nilavu  ,
Mohanam  , Vaan Pole Vannam  , Salangai Oli  ,
Mohanam  , Vandhadhe  , Kizhakku Vaasal  ,
Mohanam  , Varuga Varuga Ezhilae  , Pondaatti Thevai  ,
Mohanam  , Varuga Varugavae , Manaivi Ready ,
Mohanam  , Vayasu Pulla Vayasu Pulla  , Annan ,
Mohanam  , Ve Vela Gopemella , Saagar Sangamam (Telugu) ,
Mohanam , Ve Velaa Varnalaa , Sankeerthana (Telugu) ,
Mohanam , Veene Veene Veenakkunje , Aalolam (Malayalam)  ,
Mohanam  , Vel Muruganukku Mottai Onnu  , Puyal Paadum Pattu ,
Naadhanamakriya , | S R1 G3 M1 P D1 N3 | N3 D1 P M1 G3 R1 S 'N3 , A Nishadhanthya raga (starts and ends in Nishadham) ,
Naadhanamakriya , Endhan Pon Vannamae , Naan Vaazha Vaippen  ,
Naadhanamakriya , Kannin Maniyae Kannin Maniyae , Manadhil Urudhi Vendum  ,
Naadhanamakriya , Oor Ora Pogum Intha Udambu , Kaakai Chiraginile (what a masterpiece !!) ,
Naadhanamakriya , Veetukoru Maganapola , Ponnu Oorukku Pudhusu  ,
Nagandhini  , | S R2 G3 M1 P D3 N3 S | S N3 D3 P M1 G3 R2 S  ,  ,
Nagandhini  , Alapanai  , Ethanai Konam Ethanai Parvai  ,
Nagandhini  , Varudhu Varudhu Ilam Kaatru , Brahma  ,
Nalinaganthi  , | S G3 R2 M1 P N3 S | S N3 P M1 G3 R2 S  , Sarasangi derivative (reduces excess sugar from blood) ,
Nalinaganthi  , Endhan Nenjil Neengaadha  , Kalaignan ,
Natabhairavi  , | S R2 G2 M1 P D1 N2 S | S N2 D1 P M1 G2 R2 S  ,  ,
Natabhairavi , Aa Devarilli Maaguvaa , Boomi Geetha (Kannada) ,
Natabhairavi  , Aaraaro Paattu Paada , Pondaatti Thevai (what a gem) ,
Natabhairavi  , Aasaiya Kathula Thoodhu Vittu  , Johny  ,
Natabhairavi  , Aathu Metula  , Gramathu Athiyaayam ,
Natabhairavi  , Aattin karayorathe , Rasathanthram (Malayalam) ,
Natabhairavi  , Andhi Mazhai Megam  , Nayagan  ,
Natabhairavi  , Azhaghi Vara Soru Thara , Uliyin Osai  ,
Natabhairavi  , En Iniya Pon Nilaave  , Moodupani ,
Natabhairavi  , Endhan Kannil Yezhulangal , Guru ,
Natabhairavi  , Engirundho Ilamkuyilin  ," Brahma (Charanam touches Ni3, a typical IR move !) ",
Natabhairavi  , Hey I Love You , Unnai Naan Sandhithen (music far ahead of its times) ,
Natabhairavi  , Hey Indhira Oorvasiya  , Aduthaathu Albert ,
Natabhairavi  , Ilamaikor Vegam Undu , Oru Naal Oru Kanavu  ,
Natabhairavi  , Ilampani Thuli Vizhum Neram , Aaradhanai (trace touches of Ni3) ,
Natabhairavi  , Indha Kadal Seiyum Velai , Kangalin Vaarthaigal   ,
Natabhairavi  , Kaalai Nera Raagamae , Raasave Unna Nambi ,
Natabhairavi  , Kaatukili Kaatukili , Karagaatakari ,
Natabhairavi  , Kaatule Kambangaatile , Raajakumaran  (a casually set sweet tune) ,
Natabhairavi  , Kaadhal Neethaana , Time  ,
Natabhairavi  , Kannae Navamaniye Unna Kaanaama , En Bommukutty Ammaavukku ,
Natabhairavi  , Kannan Vandhu Paadugindraan  , Rettai Vaal Kuruvi    ,
Natabhairavi  , Maama Un Ponna Kodu , Rajadhi Raaja  ,
Natabhairavi  , Madai Thiranthu  , Nizhalgal  ,
Natabhairavi  , Manadaase Hakkiyaagi , Nammura Mandaara Hoove (Kannada) ,
Natabhairavi  , Mandram Vandha Thendrallukku  , Mouna Ragam (touches Ni3 and D2) ,
Natabhairavi  , Maniye Mani Kuyile , Nadodi Thendral  ,
Natabhairavi   , Muthirai Ippodhu Kuthidu Thappaadhu  , Uzhaipaali    ,
Natabhairavi   , Neramidhu Neramidhu Nenjiloru Paatezhudha , Rishimoolam ,
Natabhairavi  , Oh Butterfly Butterfly  , Meera (touches D2 in charanams) ,
Natabhairavi  , Oorellam Samiyaga , Deiva Vaaku  ,
Natabhairavi  , Oorurangum Nerathil  , Kanna Unai Thedugiren ,
Natabhairavi  , Oru Naal  , Devadai  ,
Natabhairavi  , Panam Mattum Vazhkaiya  , Solla Marandha Kadhai ,
Natabhairavi  , Pani Vizhum Iravu , Mouna Ragam ,
Natabhairavi  , Pudhu Rootula Thaan , Meera ,
Natabhairavi  , Putham Pudhu Kalai , Alaigal Oiyvathilai  ,
Natabhairavi  , Raaku Muthu Raaku  , Yejamaan  ,
Natabhairavi  , Sangeetha Megam , Udhaya Geedham ,
Natabhairavi  , Sola Ilankuyilae Azhaga Tholirangum Kaviriyae , Annanukku Je ,
Natabhairavi  , Solli Vidu Vellinilavae , Amaidhi Padai ,
Natabhairavi  , Then Madurai Vaigai Nadhi , Dharmathin Thalaivan  ,
Natabhairavi  , Then Paandi Seemayilae  , Nayagan  ,
Natabhairavi  , Thulli Thirindhadhoru , Endrum Anbudan (a staggeringly simple classic) ,
Natabhairavi  , Unna Nambi Nethiyilae , Chittukkuruvi ,
Natabhairavi  , Vizhiyilae Malarndhadhu , Bhuvana Oru Kelvikkuri (a classic song) ,
Naatai  , | S R3 G3 M1 P D3 N3 S | S N3 P M1 R3 S  ,  ,
Naatai  , Mahaganapathim  , Sindhu Bhairavi  ,
Naatai  , Unai Thedum Ragam Idhu , Pon Megalai ,
Natakapriya  , | S R1 G2 M1 P D2 N2 S | S N2 D2 P M1 G2 R1 S  ,  ,
Natakapriya  , Nenje Gurunadharin  , Mogamull  ,
Nayaki  , | S R2 M1 P D2 N2 D2 P S | S N2 D2 P M1 R2 G2 R2 S  ,  ,
Nayaki  , Varanam Aaayiram  , Keladi Kanmani  ,
Neelambari  , | S R2 G3 M1 P D2 P N3 S | S N3 P M1 G3 R2 G3 S  , (a raga that will put you to sleep !) ,
Neelambari  , Anbe Naan Annan  , Naan Sigappu Manithan  ,
Neelambari  , Varam Thantha Samikku  , Sippikkul Muthu ,
Neelambari  , Vatapathra Sayikki , Swathi Muthyam (Telugu) ,
Neethimathi  , | S R2 G2 M2 P D3 N3 S | S N3 D3 P M2 G2 R2 S  ,  ,
Neethimathi  , En Kanavinai Kel Nanba  , Dhesiya Geetham ,
Neethimathi  , Oh Prema Devathe , Gulabi (Kannada) ,
Neethimathi  , Ulagame Nee Manidhanai  , Ivan  ,
Paavani  , | S R1 G1 M2 P D2 N3 S | S N3 D2 P M2 G1 R1 S  ,  ,
Paavani  , Paartha Vizhi Paarthabadi  , Guna  ,
Pahadi  , | S R2 G3 P D2 P D2 S | N3 D2 P G3 M1 G3 R2 S 'N3 'D2 'P 'D2 S  ,  ,
Pahadi  , Amma Sonna Aariraro , Solla Marandha Kadhai ,
Pahadi  , Chinna Chinna Solleduthu , Raajakumaran (class song) ,
Pahadi  , Chola Vala Naadu , Uliyin Osai  ,
Pahadi  , Engae En Jeevanae , Uyarndha Ullam  ,
Pahadi  , Ennodu Paatu Paadungal , Udhaya Geedham ,
Pahadi  , Indha Maan Undhan Sontha Maan , Karagaatakaran  ,
Pahadi  , Marugo Marugo Marugayi , Vetri Vizha  ,
Pahadi , Meghame Thoodhaagha Vaa  , Kannan Oru Kaikuzhandhai  ,
Pahadi , Mellaiyonnu Paadi , Manasinakkare (Malayalam) ,
Pahadi , Mounamaana Neram , Salangai Oli  ,
Pahadi , Nadu Saamathilae Saamandhi Poo , Thirumathi Pazhanichamy ,
Pahadi , Nethu Varaikkum , Kasthuri Maan  ,
Pahadi , Nilavondru Kandaen En Jannalil , Kairaasikaaran ,
Pahadi , Ninaithadhu Yaaro Needhanae , Paatukoru Thalaivan ,
Pahadi  , Ore Naal Unai Naan  , Ilamai Oonjalaadugiradhu  ,
Pahadi  , Pogudhae Pogudhae , Kadalora Kavidhaigal ,
Pahadi  , Poo Poothadhu Thottam Yaar Pottadhu , Mumbai Express ,
Pahadi  , Seer Kondu Vaa , Naan Paadum Padal  ,
Pahadi  , Unnai Thedi Thedi , Konji Pesalam ,
Pahadi  , Vaa Vennila Unnaithaanae  , Mella Thirandhadhu Kadhavu ,
Pahadi  , Vaan Megangale  , Puthiya Vaarpugal  ,
Pahadi  , Vaigai Nadhiyoram , Rickshaw Maama ,
Pahadi  , Yethetho Yennam Valarthen  , Punnagai Mannan  ,
Panthuvarali  , | S R1 G3 M2 P D1 N3 S | S N3 D1 P M2 G3 R1 S  ,  ,
Panthuvarali  , Enna Varam Vendum  , Nanthavana Theru  ,
Panthuvarali  , Gumthalakidi Gumma Gummandhan , Ashwamedham (Telugu) ,
Panthuvarali  , Kaadhal Ennum Kaaviyam  , Vattathukkul Sathuram ,
Panthuvarali  , Kangalukkul Ennai Ezhudhu , Thandhuvitten Ennai ,
Panthuvarali  , Modern Concerto (Title Track) , Raja Paarvai (Mind Boggling !!) ,
Panthuvarali  , Piraiye Piraiye , Pithamagan ,
Panthuvarali  , Raguvara Nannu , Isai Paadum Thendral ,
Panthuvarali  , Rojavai Thaalattum Thendral  , Ninaivellam Nithya  ,
Panthuvarali  ,The Sixth Track of the Album  , How to Name It ,
Patdheep  , | N3 S G2 M1 P N3 P S | S N3 D2 P M1 G2 R2 S 'N3 S  , (Hindustani Counterpart of Gowrimanohari) ,
Patdheep  , Kanna Varuvaaya  , Manadhil Urudhi Vendum  ,
Patdheep  , Oh Endhan Vaazhvile , Unakaagavae Vazhgiren  ,
Patdheep  , Oru Kaaviyam Arangerum Neram , Aruvadai Naal (Heavenly !!) ,
Patdheep  , Padum Vanambadi , Naan Padum Padal ,
Pinakini  , | S R1 M1 P D3 N3 S | S N3 D3 P M1 R1 S  , (Derivative of Melakartha Thanarupi) ,
Pinakini  , Naa Andhang Pirithi , Prema Raaga Haadu Gelathi (Kannada) ,
Poornachandrika  , | S R2 G3 M1 P D2 P S | S N3 P M1 R2 G3 M1 R2 S  ,  ,
Poornachandrika  , Maanida Sevai Throgama  , Unnal Mudiyum Thambi    ,
Puriya Dhanashri  , | N3 R1 G3 M2 D1 N3 S | R1 N3 D1 P M2 G3 M2 R1 G3 R1 S  ,"(Arohanam Omits Sa, Pa. Stress on `ma ga ri sa' ) ",
Puriya Dhanashri  , Ninnai Charan Adaindhen  , Bharathi  ,
Pushpalathika  , | S R2 G2 M1 P N2 S | S N2 P M1 G2 R2 S  , (Sudhadhanyasi plus Ri2 !) ,
Pushpalathika  , Masi Maasam Aalana Ponnu  , Dharmadurai  ,
Pushpalathika  , Mella Mella Ennai Thottu , Vaazhkai  ,
Punnagavarali , | N2 S R1 G2 M1 P D1 N2 | N2 D1 P M1 G2 R1 S N2 ,  ,
Punnagavarali , Aadidum Peigala , Aduthaathu Albert ,
Punnagavarali , Aadum Paambirukkudhu , illam  ,
Ragavardhini  , | S R3 G3 M1 P D1 N2 S | S N2 D1 P M1 G3 R3 S  ,  ,
Ragavardhini  , Abinayam Kaatugindra , Uliyin Osai  ,
Ragavardhini  , Manam Kanindhu  , Mandolin Srinivas Plays ilaiyaraaja's classics ,
Ragavardhini  , Pattu Viral Thottuvittadhal ," Dhanush (scale, rather than the raga) ",
Ragavardhini  , Sabdhamayi  , Sooryan (Malayalam) ,
Ragavardhini  , Unai Kaanum Bodhu  ," En Mana Vaanil (scale, rather than the raga) ",
Ramani  , | S G3 M2 P D1 N3 S | S N3 D1 P M2 G3 S  , (Panthuvarali Sans the rishabham) ,
Ramani , Andhi Mazhai Pozhigiradhu , Raaja Paarvai  ,
Ramapriya  , | S R1 G3 M2 P D2 N2 S | S N2 D2 P M2 G3 R1 S  ,  ,
Ramapriya  , Kamalam Paada Kamalam  , Moga Mull  ,
Ramapriya  , Thom Thom  , Oorellam Un Paatu (don’t miss this song)                                                       ,
Ranjani  , | S R2 G2 M2 D2 S | S N3 D2 M2 G2 S R2 G2 S  ,  ,
Ranjani  , Kadhal Deepam Onru  , Kalyana Raman  ,
Rasikapriya  , | S R3 G3 M2 P D3 N3 S | S N3 D3 P M2 G3 R3 S  ,  ,
Rasikapriya  , Aganthayil Aduvadha  ," Uliyin Osai (charanams, shruthibedham to M.M.Gowlai) ",
Rasikapriya  , Sangeethame  , Kovil Pura  ,
Rasikaranjini  , | S R1 G3 P D2 S | S D2 P G3 R1 S  , (Malayamarudham sans Ni2 !) ,
Rasikaranjini  , Amuthae Thamizhae  , Kovil Pura  ,
Rasikaranjini  , Ethilum Ingu Iruppan  , Bharathi  ,
Rasikaranjini  , Nila Kuyilae Unnodu Naan , Magudi  ,
Rathnaganthi  , | S R2 G3 M2 P N3 S | S N3 P M2 G3 R2 S  ,  ,
Rathnaganthi  , Kungumam Manjalukku  , Enga Mudalali  ,
Reethigowlai  , | SG2R2G2M1N2D2M1N2N2S | SN2D2M1G2M1PM1G2R2S   ( this raga is tough to dilute !) ,  ,
Reethigowlai  , Chinna Kannan  , Kavikuyil  ,
Reethigowlai  , Meetatha Oru Veenai  , Poonthottam  ,
Reethigowlai  , Raman Kadhai Kelungal , Sippikkul Muthu ,
Reethigowlai  , Thalaiyai Kuniyum  , Oru Odai Nadhiyagirathu  ,
Revagupthi , | S R1 G3 P D1 S | S D1 P G3 R1 S  , (a Mayamalavagowlai derivative..) ,
Revagupthi , Kozhi Koovum Nerathile , Vanna Vanna Pookal  ,
Revathi  , | S R1 M1 P N2 S | S N2 P M1 R1 S  , (a raga with stern and grim flavour !) ,
Revathi  , Adadaa Adangaadha Arakka Kaigalil  , Pithamagan ,
Revathi  , Amma Azhage , Kadhal Oviyam ,
Revathi  , Durga Durga , Priyanka ,
Revathi  , Kanavu Ondru Thondrudhe , Oru Odai Nadhiyagirathu  ,
Revathi  , Sangeetha Jaathi Mullai  , Kadhal Oviyam (starts with alaapanai in sivaranjani) ,
Rishabhapriya  , S R2 G2 M2 P D1 N2 S I S N2 D1 P M2 G2 R2 S ,  ,
Rishabhapriya  , Kaali Perungaya Dabba  , Mandhira Punnagai  ,
Rishivani  , | S R2 G2 M1 P N3 S I S N3 P M1 G2 R2 S ,  ,
Rishivani  , Ennadhaan Sugamo Nenjile  , Maapillai ,
Rishivani  , Ilaiya Nilave Ilaiya Nilave  , Ponnu Veetukkaran  ,
Rishivani  , Nilavin Amudhu Ozhuga , Ilaiyavan ,
Rishivani  , Raja Magal Rojal Magal , Pillai Nila ,
Rishivani , Sumam Prathi Sumam Sumam , Maharishi (Telugu) ,
Rishivani  , Vaaraayo Unakke Saran Naangale  , Athma ,
Rishivani  , Kaamakshi Karuna Vilasini , Ilaiyaraajavin Geethanjali          ,
Rukmambari  , | S R1 G3 P N3 S  |  S N3 P G3 R1 S ,  ,
Rukmambari  , Sri Siva Sudha  , Karpoora Mullai  ,
Rukmambari  , Sri Siva Sudha  , Ente Sooryaputhrikku (Malayalam) ,
Saavithri , | S G3 M1 P N2 S  |  S N2 P M1 G3 S ,  ,
Saavithri , Antha Randoi Randi , Chinnabbayi (Telugu) ,
Saavithri , Chithira Sevvaanam Sirikka Kandaen , Kaatrinile Varum Geetham  ,
Saavithri , Pudhiya Poovidhu  , Thendralae Ennai Thodu  ,
Saindhavi  , | N2D2N2SR2G2M1PD2N2 | D2PM1G2R2SN2D2N2S  ,  ,
Saindhavi  , Chinna Chinna Rathiname  , Sakthivel  ,
Sallapam  , | S G3 M1 D1 N2 S | S N2 D1 M1 G3 S ,  ,
Sallapam  , Isayarasi Ennaalum , Thai Mookaambigai  ,
Samudhrapriya  , | S R2 G2 M2 P N2 S | S N2 P M2 G2 R2 S ,  ,
Samudhrapriya  , Jal Jal Jal Salangai Kulunga Oru Devadhai Vanthaal  , Ponnuketha Purushan  ,
Samudhrapriya  , Kannama Kaadhal Ennum Kavidhai Solladi  , Vanna Vanna Pookal ,
Saramathi  , | S R2 G2 M1 P D1 N2 S | S N2 D1 M1 G2 S  ,  ,
Saramathi  , Paadariyen Padipariyen  , Sindhu Bhairavi  ,
Saramathi  , Mari Mari Ninnae , Sindhu Bhairavi (saint thyagaraja used kambhodhi !) ,
Saranga  , | S R2 S P M2 P D2 N3 S  | S D2 P M2 R2 G3 M1 R2 S  ,  ,
Saranga  , Kaadhalil Maatamal  , Parvathi Ennai Paradi (what a beauty) ,
Saranga  , Oru Dhevadhai Vandhadhu  , Naan Sonnadhe Sattam  ,
Saranga Tharangini , | S R2 M2 P D2 N3 S | S N3 D2 P M2 R2 S  ,  ,
Saranga Tharangini  , Shri Mathru Bhutheshwari , Guru Ramana Geetham ,
Saranga Tharangini  , Isaiyil Thodangudhamma  , Hey Ram  ,
Saranga Tharangini  , Sorgame Endralum  , Ooru Vittu Ooru Vandhu  ,
Saranga Tharangini  , Thendral Vandhu Ennai Thodum , Thendrale Ennai Thodu  ,
Sarasangi  , | S R2 G3 M1 P D1 N3 S | S N3 D1 P M1 G3 R2 S  ,  ,
Sarasangi  , Ellorum Sollum Pattu  , Marubadiyum  ,
Sarasangi  , Endrendrum Aanandame  , Kadal Meengal  ,
Sarasangi  , Malligaye Malligaye , Periya Veetu Pannakaran (Don’t miss the prelude) ,
Sarasangi  , Meenamma Meenamma  , Rajathi Raja (Electric BGMs !!)                                        ,
Sarasangi  , Muthu Muthu  , Periya Veetu Pannakaran  ,
Sarasangi  , Muthu Natraamam , Thiruvasagam in symphony  ,
Sarasangi  , Pudhusu Pudhusu  , Manidha Jaathi  ,
Sarasangi  , Rajanodu Rani  , Sathi Leelavathi (gripping fusion of east & west) ,
Sarasangi  , Thaa Thanthana Kummi Kotti  , Adhisaya Piravi  ,
Saraswathi , | S R2 G2 M2 P D2 N2 S | S N2 D2 P M2 G2 R2 S  ,  ,
Saraswathi , Veena Vani , Pon Megalai ,
Senchuruti , | P' D2' N2' S R2 G3 M1 P | P M1 G3 R2 S N2' D2' P'  ," Used in Kavadi Chindu, has a good folk flavour. ",
Senchuruti , Aatukkutti Muttai Ittu  , 16 Vayadhinile ,
Senchuruti , Anbu Enum Oru Mandhiram  , Sri Raghavendra  ,
Senchuruti , Kaadhalichu Paaru Kiliyae , Thanga Thaamaraigal ,
Senchuruti , Kaanankuruvikki Kalyanamaa , Vaazha Ninaithal Vaazhalaam ,
Senchuruti , Vanna Vanna Solleduthu , Senthamizh Paatu  ,
Senchuruti , Vethala Vethala Vethalayo , Rosappu Ravikkakaari ,
Shankarabharanam  , | S R2 G3 M1 P D2 N3 S | S N3 D2 P M1 G3 R2 S  , (the raga with western flavour  - Gamakkam Prone!) ,
Shankarabharanam    , Aadungal Padungal , Guru ,
Shankarabharanam    , Ada Veetukku Veetukku  , Kizhakku Vaasal ,
Shankarabharanam  , Alapol Velapol  , Ejaman  ,
Shankarabharanam  , Anjali Anjali  , Anjali (a majestic song) ,
Shankarabharanam  , Annan Avan Kannan Illae , Ponnu Veetukkaran  ,
Shankarabharanam  , Apdi Pakaradhunna Venam  , Ivan (prelude / interludes use anya swaras) ,
Shankarabharanam  , Appaavukku Paiyyan Vandhu , Chinna Kuyil Paadudhu ,
Shankarabharanam  , April Mayilae Pasumayae illae , Idhayam ,
Shankarabharanam  , Azhaghu Aayiram  , Ullasa Paravaigal  ,
Shankarabharanam    , Chinna Maharaani Sirikkum Sirippu  , Kutty ,
Shankarabharanam  , Dhillubar Jaane , Kalaignan ,
Shankarabharanam  , En Pathara Maathu , En Bommukutty Ammaavukku (lovely number in the raga) ,
Shankarabharanam  , Enga Ooru Kaadhala Pathi  , Pudhu Paattu ,
Shankarabharanam  , Endhu Paranjaalum , Achuvinte Amma (Malayalam) ,
Shankarabharanam  , Germaniyin Sendhaen Malarae , Ullasa Paravaigal  ,
Shankarabharanam  , Kanmani Anboda  , Guna  ,
Shankarabharanam  , Kaattu Vazhi , Adhu Oru Kana Kaalam ,
Shankarabharanam  , Kasthoori Pottu En Kadhalikku , Konji Pesalam ,
Shankarabharanam  , Konjam Thira Konjam Thira , Oru Naal Oru Kanavu  ,
Shankarabharanam  , Kuzhaloodhum Kannanukku , Mella Thirandhadhu Kadhavu ,
Shankarabharanam  , Indha Kaadhal Vandhu Paduthum Paadu , Vaa Vaa Vasandhamae ,
Shankarabharanam  , Indha Minminikki Kannil Oru , Sigappu Rojaakal ,
Shankarabharanam  , Malai En Vedhanai Kootuthadi  , Sethu  ,
Shankarabharanam  , Malayala Karaiyoram  , Rajadhi Raaja  ,
Shankarabharanam  , Mamaavukku Kudumma kudumma , Punnagai Mannan (intricate composition) ,
Shankarabharanam  , Manjal Neerattu  , illam  ,
Shankarabharanam  , Mutham Endral Ennavendru , Paatu Vaathiyar                   ,
Shankarabharanam  , Naadirukkum Nelamayile  , Ullam Kavarntha Kalvan (Pure Delight to the Ears) ,
Shankarabharanam  , Nalla Velli Kizhamaiyile , Sakkarai Thevan ,
Shankarabharanam  , Nammava Thappu Pannina  , Aandan Adimai  ,
Shankarabharanam  , Nan Yerikarai Melirundhu , Chinnathayi (Mixes Ni2 Brilliantly) ,
Shankarabharanam  , Nethu Vara Yaaroda Nee Irundhaalum , Vaazhga Valarga  ,
Shankarabharanam  , Nila Kaayum Neram Saranam  , Chembaruthi  ,
Shankarabharanam  , Onnu Rendu Moonu Naalu , Dharmadurai ,
Shankarabharanam  , Paadha Kolusu Paattu , Thirumathi Pazhanichamy (maand touches?) ,
Shankarabharanam  , Paadi Vaa Thendrale , Kokkarako (Listen to this when your chips are down!) ,
Shankarabharanam  , Paakuradhum Moraikaradhum , Alai Osai ,
Shankarabharanam  , Pacha Mala Poovu , Kizhakku Vasal ,
Shankarabharanam  , Pakkathile Nee Irundhum , Chinna Thurai  ,
Shankarabharanam  , Pala Poo Mazha , Kochu Kochu Santhoshangal (Malayalam)  ,
Shankarabharanam  , Pattu Poovae Mettu Paadu , Chembaruthi ,
Shankarabharanam  , Podi Nadaiya Poravarae , Kadalora Kavidhaigal (slightly touches D1 & N2) ,
Shankarabharanam  , Ponmane Sangeetham  , Naan Sigappu Manithan  ,
Shankarabharanam  , Poongatrilae  , Paattu Paadava  ,
Shankarabharanam  , Poove ilaiya Poove  , Kozhi Koovudhu (timeless fusion classic) ,
Shankarabharanam  , Pudhu Maapillaikki , Aboorva Sagotharargal  ,
Shankarabharanam  , Pudhucheri Katcheri  , Singaravelan  ,
Shankarabharanam  , Raajakumara Raajakumara , Raajakumaran ,
Shankarabharanam  , Saami Kodutha Varam , Poomani ,
Shankarabharanam  , Singaara Pennorothi  , Oruvar Vaazhum Aalayam  ,
Shankarabharanam  , Solai Malare , Paatu Vaathiyar                   ,
Shankarabharanam  , Sutti Sutti Un Vaala Konjam Surutti Kolladi , Chinna Kounder (Mixes Ni2) ,
Shankarabharanam  , Thenae Thenpandi Meenae , Udhaya Geetham  ,
Shankarabharanam  , Vachaalum Vaikaama , Micheal Madana Kamarajan (Awesome number) ,
Shankarabharanam  , Vachikkava Unna Mattum , Nallavanukku Nallavan (Hip from the word GO !!) ,
Shankarabharanam  , Vaasamalli Poovu Poovu , Sevvandhi (Kalyani touches too) ,
Shankarabharanam  , Velanjirukku Solakaadu , Raajagopuram ,
Shankarabharanam  , Vizhiyil Vizhi Modhi , Kadhalukku Mariyadhai  ,
Shankarabharanam  , Yerikkara Poongatre  , Thooral Ninnu Pochu  ,
Shankarabharanam  , Yezhu Kundrudai  , Ezhumalaiyan Magimai  ,
Shanmugapriya  , | S R2 G2 M2 P D1 N2 S | S N2 D1 P M2 G2 R2 S  , (raga best suited for devotional feel !) ,
Shanmugapriya  , Abhishega Nerathil  , Azhaghe Unnai Aaradhikiren ,
Shanmugapriya  , Kaadhal Kasakuthaiya  , Aan Paavam  ,
Shanmugapriya  , Majunu Allithaa Marubhoomi , Usire (Kannada) ,
Shanmugapriya  , Ooru Vittu Ooru Vanthu  , Karagaatakaran  ,
Shanmugapriya  , Raajadhi Raaja Un Thandhirangal  , Mannan (prelude / interludes use anya swaras) ,
Shanmugapriya , Shiva Malli Poove , Friends (Malayalam) ,
Shanmugapriya  , Sollayo Vaai Thiranthu  , Moga Mull  ,
Shanmugapriya  , Thakida Thathimi  , Saagar Sangamam (Telugu) ,
Shanmugapriya  , Thakida Thathimi  , Salangai Oli  ,
Shanmugapriya  , Tham Thana Tham Thana  , Pudhiya Varpugal ,
Shanmugapriya  , The Fifth Track of the Album , How to Name It ,
Shanmugapriya  , The First Track of the Album , Nothing But Wind  ,
Shanmugapriya  , Vengaya Sambarum  , Panner Pushpangal  ,
Shree Ragam  , | S R2 M1 P N2 S | S N2 P D2 N2 P M1 R2 G2 R2 S  ,  ,
Shree Ragam  , Alli Ilam Poovo , Mangalam Nerunnu (Malayalam) ,
Shree Ragam  , Kandaen Engum Poomagal  , Kaatrinile Varum Geetham  ,
Shree Ragam  , Solam Vedhaikayile  , 16 Vayadhinile (A carnatic folk song this !!) ,
Shree Ragam  , Saamakozhi Koovudhamma , Ponnu Oorukku Pudhusu  ,
Shyam Kalyan , | 'N3 S R2 M2 P N3 S' | S' N3 D2 M2 P M2 R2 G3 M1 R2 G3 'N3 S  ,  ,
Shyam Kalyan , Nee Oru Kadhal Sangeedham , Nayagan  ,
Simmendhramadhyamam  , | S R2 G2 M2 P D1 N3 S | S N3 D1 P M2 G2 R2 S  ,  ,
Simmendhramadhyamam  , Abinayam Kaatu  , Vidiyum Varai Kaathiru ,
Simmendhramadhyamam  , Anandha Ragam  , Panneer Pushpangal  ,
Simmendhramadhyamam  , Arul kann Paarvai Kiaikaaho , Aanazhagan  ,
Simmendhramadhyamam  , En Poove Pon Poove , Pappayude Swantham Appoose (Malayalam) ,
Simmendhramadhyamam  , Enai Enna Seidhai  , Ivan (Ragamalika towards the end) ,
Simmendhramadhyamam  , Ennai Ketkum Kelviyai , Kasthoori Maan ,
Simmendhramadhyamam  , Idhayame Idhayame  , Idhayam ,
Simmendhramadhyamam  , Kaatrodu Kuzhalin  , Kodai Mazhai  ,
Simmendhramadhyamam  , Madhana Moha Rupa Sundari  , Indru Poi Naalai Vaa  ,
Simmendhramadhyamam  , Nee Pournami  , Oruvar Vaazhum Aalayam  ,
Simmendhramadhyamam  , Niyabagam illaiyo , Priyanka ,
Simmendhramadhyamam  , Oru Kanam Aagilum  , En Arugil Nee Irundhal ,
Simmendhramadhyamam  , Paadi Thirindha En Thozhi  , Kaakai Chiraginile ,
Simmendhramadhyamam  , Saara Yeh Aalam , Shiva (Hindi) ,
Simmendhramadhyamam  , Thalaatum Poongaatru Naan Allava , Gopura Vasalile (a grim raga bows down to IR's command) ,
Sindhu Bhairavi   , | S R2 G2 M1 G2 P D1 N2 S | N2 D1 P M1 G2 R1 S N2 S  ,  ,
Sindhu Bhairavi  , Aasa Adhigam Vachu  , Marubadiyum ,
Sindhu Bhairavi  , Aatama Sadhiratama  , Captain Prabhakaran  ,
Sindhu Bhairavi  , Adi Mathalatha  , Mallu Veti Minor ,
Sindhu Bhairavi  , Akkam Pakkam Parada  , Unnal Mudiyum Thambi  ,
Sindhu Bhairavi  , Ammaanna Summa illada , Thiruppumunai (kalakkal tune) ,
Sindhu Bhairavi  , Amman Kovil Kumbham Inge  , Aranmanai Kili  ,
Sindhu Bhairavi  , Annakili Unna Theduthe  , Annakili  ,
Sindhu Bhairavi  , Annal Gandhi , Dhesiya Geetham ,
Sindhu Bhairavi  , Annamalai Ramanaandi , Ramana Geetham ,
Sindhu Bhairavi  , Arunamalai Guru Ramana  , Raajaavin Ramanamaalai ,
Sindhu Bhairavi  , Bommukutty Ammavukku  , En Bommukutty Ammaavukku ,
Sindhu Bhairavi  , Chinna Kuyil Oru Pattu Padudhu , Chinna Kuyil Paadudhu (one of the best sindhu bhairavis) ,
Sindhu Bhairavi  , En Kaaviriye Kanneer Edharkku , Enga Ooru Maapilla ,
Sindhu Bhairavi  , En Mana Vaanil Siragai Virikkum  , Kaasi (Uses Ga3) ,
Sindhu Bhairavi  , Enakena Oruvarum illamal Ponalum , Thaalatu ,
Sindhu Bhairavi  , Enna Marandhalum , Kadhal Saadhi (Jam packed with emotion !!!) ,
Sindhu Bhairavi  , Enna Satham Indha Neram  , Punnagai Mannan  ,
Sindhu Bhairavi  , Ennamma Kannu Sowkyama  , Mr.Bharath                      ,
Sindhu Bhairavi   , Eppudeppudeppudani Adigina  , Nirnayam (Telugu) ,
Sindhu Bhairavi  , Inji Idupazhaga  , Thevar Magan  ,
Sindhu Bhairavi  , Jagada Jagada , Geethanjali (Telugu) ,
Sindhu Bhairavi  , Kadalile Ezhumbura  , Chembaruthi (What a Song !!) ,
Sindhu Bhairavi  , Kadhalile Tholvi  , Chembaruthi  ,
Sindhu Bhairavi  , Kalyana Maalai Kondaadum Penne  , Pudhu Pudhu Arthangal  ,
Sindhu Bhairavi  , Kalyana Saelai Unadhaagum Vaelai , Ambigai Neril Vandhaal ,
Sindhu Bhairavi   , Karigipoyanu , Maranamridangam (Telugu) ,
Sindhu Bhairavi  , Konchi Karayalle  , Poomukhappadiyil Ninneyum Kathu (Malayalam)          ,
Sindhu Bhairavi  , Kutta Kutta Kuniyiran , Thanga Thaamaraigal ,
Sindhu Bhairavi  , Maane Thene Katti Pudi  , Udhaya Geetham  ,
Sindhu Bhairavi  , Machaanukku Vethala Madichi , Aalappirandhavan ,
Sindhu Bhairavi  , Madha Un Kovilile  , Achchaani  ,
Sindhu Bhairavi  , Mamarathu Kuyilu , Raja Rajadhaan ,
Sindhu Bhairavi  , Mani Osai Kettu  , Payanangal Mudivathillai  ,
Sindhu Bhairavi  , Maratha Vachavan Thanni Oothuvaan  , Panakaaran ,
Sindhu Bhairavi  , Muthu Mani Maala  , Chinna Kounder (you may meditate over this song) ,
Sindhu Bhairavi  , Muthu Mani Muthu Mani  , Adharmam ,
Sindhu Bhairavi  , Naan Oru Sindhu  , Sindhu Bhairavi  ,
Sindhu Bhairavi  , Nenu Veithki , Anumaanaspadam (Telugu) ,
Sindhu Bhairavi  , Nilave Mugam Kaatu  , Ejaman ,
Sindhu Bhairavi  , Nilavu Paatu Nilavu Paatu  , Kannukkul Nilavu  ,
Sindhu Bhairavi  , Oh Vennilave  , Aananda Kummi  ,
Sindhu Bhairavi   ," Oorukkoru Katchiyum, Perukkoru Latchiyam  ", Ramana ,
Sindhu Bhairavi  , Oru Naalum Unai  , Ejaman (a musical feast in sindhubhairavi) ,
Sindhu Bhairavi  , Oru Sandhana Kaatukkulle , Ellame En Raasadhan  ,
Sindhu Bhairavi   , Padhiyai Vittu Pirindha  , Kaadhal Saadhi  ,
Sindhu Bhairavi  , Ponnapola Aatha , Ennai Vittu Pogaadhe (oh a beauty..uses just avarohanam !!) ,
Sindhu Bhairavi  , Poongatru Pudhidhanathu  , Moondram Pirai (Touches M2 and Ga3) ,
Sindhu Bhairavi  , Poovar Senni Mannan , Thiruvasagam in symphony  ,
Sindhu Bhairavi  , Pottalu Kaatula Ponnu Onnu Paarthiya  , Kaadhal Saadhi ,
Sindhu Bhairavi   , Punniyam Thedi Kaasikkupovar  , Kaasi  ,
Sindhu Bhairavi  , Ram Ram Hey Hey Ram Ram , Hey Ram  ,
Sindhu Bhairavi  , Serndhu Vazhum Neram  , Thodarum  ,
Sindhu Bhairavi  , Shenbagame Shenbagame  , Enga Ooru Paatukkaran  ,
Sindhu Bhairavi , Snehathin Poonchola , Pappayude Swantham Appoose (Malayalam) ,
Sindhu Bhairavi  , Sola Pasungiliye , En Raasavin Manasilae  ,
Sindhu Bhairavi  , Theeraadha Vilayaattu Pillai  , Kaatrukkenna Veli ,
Sindhu Bhairavi  , Then Paandi Thamizhae  , Paasa Paravaigal ,
Sindhu Bhairavi  , Thendral Vandhu Theendum Bodhu  , Avatharam  ,
Sindhu Bhairavi  , Thol Mela Thol Mela  , Poomani (Uses Ga3) ,
Sindhu Bhairavi  , Valaiyosai Kala  , Sathya (A musical celebration..Will take ur breath away. ) ,
Sindhu Bhairavi  , Vellimanik Kinnathile  , Dharmathin Thalaivan  ,
Sindhu Bhairavi  , Vidiya Vidiya Nadanam  , Idhayathai Thirudaathe  ,
Sindhu Bhairavi  , Viralil Sudhi Meetava  , Nandavana Theru  ,
Sindhu Bhairavi  , Yaar Thoorigai  ," Paaru Paru Pattanam Paaru (really, out of the world)                                                  ",
Sindhu Bhairavi  , Yaetri Vaitha Kuthu Vilakku , Vellaiyathevan ,
Sindhu Ramakriya  , | S G3 M1 P D1 N3 S | S N3 P D1 P M1 G3 S  , (a mayamalawagowlai derivative !) ,
Sindhu Ramakriya  , Sudha Maadhurya  , Maragadha Veenai ,
Sivaranjani  , | S R2 G2  P D2 S I S D2 P G2 R2 S ,  ,
Sivaranjani , Abbani Tiyyani , Jagadeka Veerudu Athiloka Sundari (Telugu) ,
Sivaranjani , Adhi Emaindhi , Aradhana  (Telugu) ,
Sivaranjani , Adhi Kaalai Nera Kanavil , Naan Sonnadhe Sattam (touches M2 and N2) ,
Sivaranjani  , Adi Aathaadi  , Kadalora Kavidhaigal  ,
Sivaranjani  , Ennana Paada Padutharan  , Aandan Adimai  ,
Sivaranjani , Jaabilamma , Shivshankar (Telugu) ,
Sivaranjani  , Kathirundhu  , Vaideghi Kaathirundhal  ,
Sivaranjani  , Kudagu Malai Kaatril  ," Karagatakaran (mishra sivaranjani, so the experts say! ) ",
Sivaranjani  , Kuyil Paatu  , En Raasavin Manasilae  ,
Sivaranjani  , Manjal Poosum  , Sakkarai Thevan ,
Sivaranjani  , Melle Melle  , Apaaratha (Malayalam) ,
Sivaranjani  , Naan Pooveduthu Vaikkanum , Naanum Oru Thozhilaali ,
Sivaranjani  , Needhaane Naal thorum  , Paatu Vaathiyar                   ,
Sivaranjani , Neeve Amaraswarame , Gharshana (Telugu) ,
Sivaranjani  , Oh Priya Priya  , Idhayathai Thirudaathe  ,
Sivaranjani  , Oru Aalam Poovu Athipoova  , Senthooram                   ,
Sivaranjani  , Paattu Cholli Paada Cholli  , Azhaghi     ,
Sivaranjani  , Penmanasu Azhamunnu  , En Raasavin Manasilae  ,
Sivaranjani  , Pon Manae  , Oru Kaidhiyin Dairy  ,
Sivaranjani  , Ponnavanippadam , Rasathanthram (Malayalam) ,
Sivaranjani , Preethisuve Preethisubha , Usire (Kannada) ,
Sivaranjani  , Punnai Vanathu Kuyile  , Muthu  Kalai (Vintage stuff from raja) ,
Sivaranjani  , Puzhayorathil , Atharvam (Malayalam) ,
Sivaranjani  , Raja Raja Dhaan  , Oru Oorula Oru Raajakumari ,
Sivaranjani  , Solai Pushpangalae  , Ingaeyum Oru Gangai  ,
Sivaranjani  , Unna Vitta  , Manaivi Ready ,
Sivaranjani  , Unnai Thaanae  , Nallavanukku Nallavan (interludes use anya swaras) ,
Sivaranjani  , Va Va Anbae  , Agni Nakshatiram  ,
Sivaranjani  , Valli Valli Ena  , Deiva Vaaku (charanam mostly Mohanam's Ga3 !!) ,
Sivaranjani  , Vanuyarndha Solaiyile , Idhaya Kovil ,
Sivaranjani  , Velli Mani Thottil Katta  , Thalaimurai  ,
Sivaranjani  , Yemma Yemma Thalli Nillu  , Thodarum  ,
Sriranjani  , | S R2 G2 M1 D2 N2 S | S N2 D2 M1 G2 R2 S  ,  ,
Sriranjani  , Chinnanjiru Vennilavu  , Endrum Anbudan ,
Sriranjani  , Kannan nee en isai naadha Oviyam  , Ivan ,
Sriranjani  , Naadham Ezhundhadhadi  , Gopura Vaasalile  ,
Sriranjani  , Nadha Vinodhangal , Salangai Oli (just the pallavi alone is sriranjani) ,
Sriranjani  , Nalladhor Veenai Seidhaey , Orae Oru Graamathile ,
Sriranjani  , Oru Mandhara Poo  , Chinna Jameen (trace usage of Pa in pallavi !) ,
Sriranjani  , Oru Ragam Tharadha Veenai , Unnai Vaazthi Paadugiren  ,
Sriranjani  , Pagalile Oru Nilavinai  , Amman Kovil Kizhakaale  ,
Sriranjani  , Saami En Thaali Kodi , Shenbagame Shenbagame (a sweet gem in this raga.) ,
Sriranjani  , Vandhadhu Vandhadhu , Kili Petchu Ketkava ( !!! how simple can a tune get?) ,
Sriranjani  , Vasantha Nilave , Sooryan (Malayalam) ,
Sriranjani  , Vennilavin Perai Maatrava  , Ramana ,
Srothaswini  , | S G2 M1 P N3 S | S N3 P M1 G2 S  , (Sudhadhanyasi's Ni3 counterpart !) ,
Srothaswini  , Jai Chiranjeeva Jagadeka Veera , Jagadeka Veerudu Athiloka Sundari (Telugu) ,
Srothaswini  , Oh Vasantha Raaja  , Neengal Kaettavai     ,
Srothaswini  , Poojaiketha Poovidhu , Needhaana Antha Kuyil ,
Srothaswini  , Sindhiya Venmani  , Poonthota Kavalkaaran     ,
Subhapanthuvarali  , | S R1 G2 M2 P D1 N3 S | S N3 D1 P M2 G2 R1 S  , (the raga creates gloomy effect !) ,
Subhapanthuvarali  , Ambilikkalayum , Atharvam (Malayalam) ,
Subhapanthuvarali  , Aayiram Thamarai Motukkale  , Alaigal Oiyvathilai  ,
Subhapanthuvarali  , Alaigalil Midhakudhu , Andha Oru Nimidam (Mixes Bhavapriya) ,
Subhapanthuvarali  , Azhakindran Madhavan  , Sri Raghavendra  ,
Subhapanthuvarali  , Dhagamae Undanathe  , Getti Melam  ,
Subhapanthuvarali  , Ellorodaya Vaazhkaiyilum , Pattukkoru Thalaivan (mixes M1) ,
Subhapanthuvarali  , Enge Nimmadhi Nimmadhi  , Nadigan  ,
Subhapanthuvarali  , Enna Enna Kanavu Kandayo  , Valli ,
Subhapanthuvarali  , Enna Petha Aathannu , Karagaatakari ,
Subhapanthuvarali  , Kooda Porandha Selvame  , Kizhakkum Merkkum (Musical Mirattal !!!) ,
Subhapanthuvarali  , Moonu Mudichaala Muttala Aanen , Amman Kovil Kizhakaale  ,
Subhapanthuvarali  , Nethirundha Ulagam  , Bharani  ,
Subhapanthuvarali  , Shiva Karuda , Kochu Kochu Santhoshangal (Malayalam) ,
Subhapanthuvarali  , Thali Enbadhinge , Dhuruva Nakshathiram ,
Subhapanthuvarali  , Thangachi Thangachi Enge Pora  , Kutty  ,
Subhapanthuvarali  , Theerthakarai Orathile  , Theertha Karaiyinile  ,
Subhapanthuvarali  , Urakka Kathudhu Kozhi , Ejamaan ,
Subhapanthuvarali  , Vaa Veliyae Intha  , Paadu Nilaavae  ,
Subhapanthuvarali  , Vaikaraiyil  , Payanangalmudivathillai  ,
Sudhadhanyasi  , | S G2 M1 P N2 S | S N2 P M1 G2 S  , (Suits both Carnatic and Western styled Songs) ,
Sudhadhanyasi  , Alli Billi Kallalaa Raave , Chettukinda Pleader (Telugu) ,
Sudhadhanyasi  , Anandha Kuyilin Paatu , Kaadhalukku Mariyaadhai  ,
Sudhadhanyasi  , Andharangam Yavume  , Ayiram Nilave Vaa  ,
Sudhadhanyasi  , Ayiram Malargale Malarungal , Niram Maradha Pookal ,
Sudhadhanyasi  , Balapam Patti , Bobbil Raja  (Telugu) ,
Sudhadhanyasi  , Chinna Chinna Mottu Meedhilae , Ninaikka Therindha Manamae ,
Sudhadhanyasi  , Deepangal Pesum , Devadai  ,
Sudhadhanyasi  , Dhagam Edukira Neram , Enakkaaga Kaathiru ,
Sudhadhanyasi  , Ellorukkum Nalla Kaalam  , Marubadiyum                             ,
Sudhadhanyasi  , Enna Solli Paaduvadho  , En Mana Vaanil ,
Sudhadhanyasi  , Ente Pularkaalam , Garjanam (Malayalam) ,
Sudhadhanyasi  , Ennoda Ulagam Veru Unnoda Ulagam Veru  , Kizhakkum Merkkum  ,
Sudhadhanyasi  , Ghallu Ghallu , Swarnakamalam (Telugu) ,
Sudhadhanyasi  , Hele Koogilee , Nammura Mandaara Hoove (Kannada) ,
Sudhadhanyasi  , Hey Unnai Thaane , Kaadhal Parisu (superb westernization of the raga)                                            ,
Sudhadhanyasi  , Ilaya Nadhi Iniya Rathi  , Manasellam ,
Sudhadhanyasi  , Kaadhal Vanilae  , Rasayya  ,
Sudhadhanyasi  , Kaalai Nera Kaatre , Bhagawathipuram Railway Gate ,
Sudhadhanyasi  , Kaalaiyil Ketadhu Koyil Mani  , Senthamizh Paatu  ,
Sudhadhanyasi  , Kala Kalakkum Maniyosai  , Eeramana Rojave  ,
Sudhadhanyasi  , Kallai Irundhaen Silaiyai Yen Vadithai , Uliyin Osai ,
Sudhadhanyasi  , Kalikonda Chamundi , Pachakuthira ,
Sudhadhanyasi  , Kanindhu Varum Neram ," Alai Osai (vintage raja stuff, ignore the mukkal-munagals) ",
Sudhadhanyasi  , Kinnerasaami , Sithara (Pallavi Touches Da2 And Ri2) (Telugu) ,
Sudhadhanyasi  , Kola Kiliye Kola Kiliye  , Kakkai Chiraginile  ,
Sudhadhanyasi  , Kolusu Konjum Paadham  , Chinna Thurai  ,
Sudhadhanyasi  , Kotti Kidakudhu  , Theertha Karaiyinilae  ,
Sudhadhanyasi  , Kuthu Kuthu Gummanguthu  , En Mana Vaanil  ,
Sudhadhanyasi  , Malayil Yaro  , Chatrian  ,
Sudhadhanyasi  , Malle Hoo Maale , Prema Raaga Haadu Gelathi (Kannada) ,
Sudhadhanyasi  , Manasu Mayangum  , Sippikul Muthu  ,
Sudhadhanyasi   , Naan Kaanum Ulagangal  , Kaasi (Uses Ri2)    ,
Sudhadhanyasi   , Naan Vanangugiren , Guru ,
Sudhadhanyasi   , Nadhaswaram Ketto , Ponmudi Puzhayorathu ,
Sudhadhanyasi   , Nadhiyoram  , Annaiyor Aalayam (Uses Ri2 & Dha2) ,
Sudhadhanyasi  , Nanthaan Mapillai  , Thodarum  ,
Sudhadhanyasi   , Nenjukkul Poo Manjangal , Saattai Illadha Pamparam ,
Sudhadhanyasi   , Oh Maane Maane Maane  , Vellai Roja (Uses Dha2)    ,
Sudhadhanyasi  , Oru Poongaavanam  , Agni Nakshatiram (class written all over it)                                ,
Sudhadhanyasi  , Oru Sundari Vandhaalam , Azhaghi     ,
Sudhadhanyasi  , Paadum Neram Idhudhaan  , Soorasamhaaram ,
Sudhadhanyasi  , Paaramal Paartha Nenjam  , Poonthotta Kavalkaran  ,
Sudhadhanyasi  , Pappampatti Maaman Ponnu , Vaaliban ,
Sudhadhanyasi  , Poo Kumkumappoo , Rasathanthram (Malayalam) ,
Sudhadhanyasi  , Poo Poo Poo Poopootha Solai  , Pudhu Nellu Pudhu Naathu ,
Sudhadhanyasi  , Poomalai Oru Paavai Aaguma  , Thangamagan (touches Ni3 of srothaswini) ,
Sudhadhanyasi  , Poonthalir Aada  , Panneer Pushpangal  ,
Sudhadhanyasi  , Poo Yeru Konum  , Thiruvasagam in symphony (shifts to samudrapriya) ,
Sudhadhanyasi  , Pothi Vacha Malligai Mottu  , Man Vaasanai  ,
Sudhadhanyasi  , Punchai Undu Nanchai  , Unnal Mudiyum Thambi  ,
Sudhadhanyasi  , Raasaleela Vela , Adithya 369 (Telugu) ,
Sudhadhanyasi  , Ragavane Ramana  , Ilamai Kalangal  ,
Sudhadhanyasi  , Raja Ponnu , Orae Mutham ,
Sudhadhanyasi  , Rukku Rukku Roop Kya  ," Friends (Uses Ri1, Pa)    ",
Sudhadhanyasi  , Sempoove Poove  , Siraichaalai ,
Sudhadhanyasi  , Sikkaadha Sittonnu Kayyil Vandha  , Sedhu (uses Ri2 and Dha2) ,
Sudhadhanyasi  , Siruponmai Asaiyum  , Kallukul Eeram  ,
Sudhadhanyasi , Thanka Kina , Friends (Malayalam) ,
Sudhadhanyasi , Thavikidhu Thayangudhu , Nadhiyai Thedi Vandha Kadal ,
Sudhadhanyasi  , Then Aruviyil Nanainthidum  , Enakkul Oruvan  ,
Sudhadhanyasi  , Thena Odum Odakaraiyil , Bharani  ,
Sudhadhanyasi  , Thendral Kaatrum  , Bhagawathipuram Railway Gate ,
Sudhadhanyasi  , Unnai Ethir Parthaen  , Vanaja Girija  ,
Sudhadhanyasi  , Vaa Ponmayile  , Poonthalir ,
Sudhadhanyasi  , Vaanin Kaadhal Dhevadhai  , Kasthoori Maan ,
Sudhadhanyasi  , Vizhiyil Vizhundu  , Alaigal Oiyvathilai  ,
Sudhadhanyasi  , Voyyari Gotharamma , Premnchi Pelladu (Telugu) ,
Sudhasaveri  , | S R2 M1 P D2 S | S D2 P M1 R2 S  ,  ,
Sudhasaveri  , Annalakshmi Kann Asacha , Virumaandi ,
Sudhasaveri  , Dhevadhai Oru Dhevadhai  , Pattakathi Bhairavan ,
Sudhasaveri , Jaanaki Kalangadulethu , Rajkumar (Telugu) ,
Sudhasaveri  , Kadhal Mayakkam  , Pudhumai Penn ,
Sudhasaveri , Kodamanjin Thaazhvarayil , Kochu Kochu Santhoshangal (Malayalam) ,
Sudhasaveri , Kondapalli , Ninnu Choodaka Nenundalenu (Telugu) ,
Sudhasaveri  , Maanada Thenaada  , Mudhal Vasantham  ,
Sudhasaveri  , Malargalil Aadum  , Kalyana Raman  ,
Sudhasaveri  , Manamagale Manamagale  ," Thevar Magan (Durga shades? Anyways, sweet tune) ",
Sudhasaveri  , Nattu Vacha Rosa Sedi , Aranmanai Kili (slight arabhi touch too?) ,
Sudhasaveri  , Radhe En Radhe , Jappanil Kalyanaraman ,
Sudhasaveri  , Rettai Kiligal , Orae Oru Graamathile ,
Sudhasaveri  , Sandiyare Sandiyare , Virumaandi ,
Sudhasaveri  , Sithagathi Pookkale  , Raajakumaran   ,
Thilang  , | S G3 M1 P N3 S | S N2 P M1 G3 S  ,  ,
Thilang  , Kaatula Thalaiyaatura Siru Aavarampoove  , Solla Marandha Kadhai ,
Thilang  , Kothamalli Poove  , Kalukkul Eeram  ,
Thilang  , Madathile Kanni Madathile  , Veera (Mixes traces of Natai/Jog) ,
Thilang  , Manathil Urudhi Vendum  , Sindhu Bhairavi  ,
Thilang  , Yezhuvannam Konda Poovu , Konji Pesalam (Trace mix of Ri2/Ga2) ,
Thodi  , | S R1 G2 M1 P D1 N2 S | S N2 D1 P M1 G2 R1 S  , (the raga is gamakkam prone !) ,
Thodi  , Gangai Karai Mannanadi  , Varusham 16                                                        ,
Thodi  , Nethu Kodutha Vaartha Onnu  , Kaadhal Saadhi (Uses Ga3) ,
Vaachaspati  , | S R2 G3 M2 P D2 N2 S | S N2 D2 P M2 G3 R2 S  , (Ni2 counterpart of Kalyani !) ,
Vaachaspati  , Nikkatuma Pogattuma  , Periya Veetu Pannakaran  ,
Vaasanthi , | S R2 G3 P D1 S | S D1 P G3 R2 S  , (D1 counterpart of Mohanam!) ,
Vaasanthi , Nallavarkellam Satchigal Rendu , Thyagam  ,
Vaasanthi , Adho Mega Oorvalam  , Eeramana Rojave (touches N1) ,
Vaasanthi , Malarae Pesu  , Geethanjali (uses G2) / (touches N1) ,
Vaasanthi , Paadu Nilave , Udhaya Geetham (touches N1) ,
Vaasanthi , Paruvamae Pudhiya Paadal , Nenjathai Killadhae (touches N1) ,
Vaasanthi , Vaa Vaa Vasandhame , Pudhu Kavidhai (touches N1) ,
Vakulabharanam  , | S R1 G3 M1 P D1 N2 S | S N2 D1 P M1 G3 R1 S  ,  ,
Vakulabharanam  , Aarum Adhu Aazham Illa , Mudhal Vasantham  ,
Vakulabharanam  , Aasai Nooru Vagai , Thanikaatu Raja (misses gandharam totally) ,
Vakulabharanam  , Amma Naan Pacha Pulla , Pondatti Thevai ,
Vakulabharanam  , Bikshai Paathiram Yendhi Vandhen  , Raajavin Ramanamaalai ,
Vakulabharanam  , Gangai Nadhi Meeno , Niyayam ,
Vakulabharanam  , Kadha Kelu Kadha Kelu , Micheal Madana Kamarajan (in the master's own voice) ,
Vakulabharanam  , Kinnathil Then Vadithu , Ilamai Oonjalaadugiradhu  ,
Vakulabharanam  , Lovvunna Love , Meera ,
Vakulabharanam  , Maada Vilaka  , Virumaandi ,
Vakulabharanam  , Mazhai Thuliye , Dhanush ,
Vakulabharanam  , Nethu Rathiri Yamma , Moondram Pirai  ,
Vakulabharanam  , Oh Oru Thendral Puyalaagi Varudhe  , Pudhumai Penn ,
Vakulabharanam  , Pachondhiye Kelada , Andha Oru Nimidam ,
Vakulabharanam  , Pangunikkappuram Sithiraiye , Vanna Vanna Pookal ,
Vakulabharanam  , Sangili Karuppana  , Chandralekha  ,
Vakulabharanam  , Thai Pongalum Vandhadhu  , Mahanadhi (Uses Dha2) ,
Vakulabharanam  , Thai Thaka Thai Pari Kottudhu Paaraiyya  , Andhapuram ,
Vakulabharanam  , Thanni Konjam Yeri Irukku  , Julee Ganapathy ,
Vakulabharanam  , Vaarthai Thavari Vittai  , Sedhu  ,
Vakulabharanam  , Velli Kizhamai Thalai Muzhughi , Siva ,
Vakulabharanam  , Vendanna Vidala , Vaaliban ,
Vakulabharanam  ," Yeh Jinga Jinukkuthan, Intha Unakkuthan  ", Veetula Visheshanga  ,
Valaji , | S G3 P D2 N2 S | S N2 D2 P G3 S  , (janya of chakravagam !) ,
Valaji , Siva Poojaku , Swarna Kamalam (Telugu) ,
Vasantha  , | S M1 G3 M1 D2 N3 S | S N3 D2 M1 G3 R1 S  , (the raga for dusk !) ,
Vasantha , Arjunamantra , Sithara (Ragamalika Towards End) (Telugu) ,
Vasantha  , Maan Kandaen Maan Kandaen  , Rajarishi  ,
Vasantha  , Nil Nil Nil  , Pattu Padava  ,
Vijayanagari  , | S R2 G2 M2 P D2 S | S D2 P M2 G2 R2 S  ,  ,
Vijayanagari  , Anba Sumandhu Sumandhu  , Ponnumani ,
,,,,
,"setstats,setstats,setstats ",,"1,1,1"
Vijayanagari  , Vanna Nilave Vaigai  , Paadatha Theneekal  ,
Yadhukula Kambhodhi , | S R2 M1 P D2 S | S N2 D2 P M1 G3 R2 S  ,  ,
Yadhukula Kambhodhi , Karumbaaley Villa Katti , Vaazhga Valarga (scale changes after 2:00 minutes) ,
Yadhukula Kambhodhi , Nalla Neram Edha Thotaalum Ponnaagudhu , Uthama Raasa ,
Yadhukula Kambhodhi , Othaiyila Ninnadhenna  , Vanaja Girija   ,
,,,,
,setstats ,,1
Yaman Kalyani  , | S R2 G3 P M2 P D2 S | S D2 P M2 P G3 R2 S  ,  ,
Yaman Kalyani  , Oru Vanavil Pole , Kaatrinile Varum Geetham (touches D1/anya swaras) ,
Yaman Kalyani  , Thevan Koyil Deepam Onru  , Nan Padum Paadal (Charanams touch D1/R1) ,
Yaman Kalyani  , Yaar Veetu Roja , Idhaya Kovil ,
Yaman Kalyani  , Yamunai Attrile  , Thalapathi,
